S.NO,District,Institution,COVID BEDS Total,COVID BEDS Occupied,COVID BEDS Vacant,OXYGEN SUPPORTED BEDS Total,OXYGEN SUPPORTED BEDS Occupied,OXYGEN SUPPORTED BEDS Vacant,NON-OXYGEN SUPPORTED BEDS Total,NON-OXYGEN SUPPORTED BEDS Occupied,NON-OXYGEN SUPPORTED BEDS Vacant,ICU BEDS Total,ICU BEDS Occupied,ICU BEDS Vacant,VENTILATOR Total,VENTILATOR Occupied,VENTILATOR Vacant,Last updated,Remarks
1,Ariyalur,A.S Hospital,25,10,15,12,4,8,8,6,2,5,0,5,2,0,2,2021-04-17 11:06:57,Report on 17.04.2021
2,Ariyalur,Golden Hospital,31,10,21,23,10,13,0,0,0,5,0,5,5,0,5,2021-04-17 09:43:23,Report on 17.04.2021
3,Chengalpattu,Annai Arul Hospital,35,32,0,33,30,0,0,0,0,2,2,0,2,1,1,2021-04-18 09:02:24,18.04.2021
4,Chengalpattu,Chennai Emergency care Centre Pammal,12,11,1,9,9,0,2,2,0,0,0,0,0,0,0,2021-04-18 09:21:11,18.04.2021
5,Chengalpattu,Dr. Rela Institute,134,134,0,114,114,0,0,0,0,20,20,0,6,6,0,2021-04-18 15:49:26,18-4-21
6,Chengalpattu,"Sudar Hospitals, Hasthinapuram",20,10,0,30,27,3,0,0,0,10,10,0,2,2,0,2021-04-15 06:41:04,15.04.21
7,Chengalpattu,"Sugam Hospital, Chromepet",30,30,0,28,28,0,0,0,0,2,2,0,2,2,0,2021-04-18 07:15:28,18 . 04.2021
8,Chengalpattu,"Deepam Hospitals, West Tambaram",32,29,3,5,3,2,27,26,1,0,0,0,0,0,0,2021-04-18 02:25:25,18/04/2021
9,Chennai,"Apollo Hospital, Greams Road",100,100,0,40,40,0,40,40,0,20,20,0,20,20,0,2021-04-18 09:16:51,18.04.2021
10,Chennai,"Apollo Hospitals, Vanagaram",88,73,15,74,59,15,0,0,0,14,14,0,8,8,0,2021-04-18 09:38:39,
11,Chennai,Appasamy Hospital,58,52,6,55,52,6,0,0,0,5,5,0,3,3,0,2021-04-17 11:57:29,April 17th
12,Chennai,"ArunVijaya Hospitals, KK Nagar",21,15,12,6,0,6,6,3,0,4,0,4,2,0,2,2021-04-18 08:24:00,18-04-2021
13,Chennai,Astra Ortho N Spine Care Hospital,20,20,0,18,18,0,3,0,0,4,4,0,2,0,0,2021-04-16 10:57:38,16.04.2021
14,Chennai,Aysha Hospital,8,8,0,2,1,1,2,0,2,3,0,3,5,0,5,2021-04-18 13:47:18,4 New case reported in Aysha Hospitals Chennai
15,Chennai,Be Well Hospital Anna nagar,18,18,0,18,6,4,8,0,0,3,3,0,2,0,2,2021-04-17 10:47:50,18
16,Chennai,Bhaarath medical college and hospital,100,57,43,15,7,8,80,26,53,25,17,8,2,0,0,2021-04-17 11:01:18,18-04-2021
17,Chennai,Bharathiraja Hospital & Research Centre Pvt Ltd,68,68,0,63,63,0,0,0,0,5,5,0,2,0,2,2021-04-18 07:27:01,18.04.2021
18,Chennai,"Billroth Hospitals Shenoy Nagar, Chennai TN.",170,163,7,130,130,0,20,20,7,20,20,0,5,0,5,2021-04-18 16:39:13,
19,Chennai,"Bloom Fertility and Healthcare, Velachery",10,10,10,5,4,1,5,0,0,0,0,0,0,0,0,2021-04-17 11:01:50,today 17/04/2021 report
20,Chennai,C.s.i Rainy Multi Speciality Hospital Tondaiarpet,12,1,11,10,1,9,0,0,0,2,0,2,1,0,1,2021-04-17 08:33:07,17.04.2021 Updated
21,Chennai,Chennai Orthopedic Centre -ER,8,8,0,8,0,8,0,0,0,0,0,0,1,0,1,2021-04-18 08:54:43,updated 01 18/04/2021
22,Chennai,Chettinad Hospital,250,139,111,91,77,14,145,48,97,14,14,0,5,1,4,2021-04-18 08:25:20,165 ( 139 positive + 26 Suspected )
23,Chennai,CSI Kalyani General Hospital,30,30,0,25,20,5,5,0,0,5,2,3,5,5,0,2021-04-16 11:00:13,16/04/2021
24,Chennai,Dr.Kamakshi Memorial Hospital,180,180,0,165,165,0,0,0,0,15,15,0,5,5,0,2021-04-18 09:39:43,18/04/2021
25,Chennai,Fortis Malar Hospital,30,28,2,22,22,0,0,0,0,8,8,0,8,8,0,2021-04-17 12:33:03,17-04-2021
26,Chennai,Frontier Lifeline Hospital,0,0,0,4,4,0,0,0,0,10,10,0,2,2,0,2021-04-17 11:05:52,"C PAP - NIL CASES, BPAP - NIL CASES, Updated."
27,Chennai,Girishwari Hospital Alwarpet,10,0,10,4,0,4,2,0,2,4,0,4,0,0,0,2021-04-18 10:35:27,18-04-2021
28,Chennai,GKM Hospital Pvt Ltd,10,1,9,0,0,0,0,0,0,10,1,9,4,1,4,2021-04-17 08:52:36,17-04-2021
29,Chennai,GLB Hospital,4,0,4,4,0,4,0,0,0,1,0,1,1,0,1,2021-03-09 18:22:02,09.03.2021
30,Chennai,Gleneagles Global Health City,45,43,2,25,25,0,10,9,1,10,9,1,5,3,0,2021-04-18 11:16:03,18.04.21
31,Chennai,Gunasekaran Hospitals Pvt Ltd,14,14,0,10,14,0,10,6,0,4,4,0,1,1,0,2021-04-18 11:50:01,18.04.2021
32,Chennai,Hycare Super Speciality Hospital,35,34,1,10,9,1,20,0,0,5,5,0,3,0,3,2021-04-18 10:34:15,18/04/2021
33,Chennai,"K.P Hospital, Adambakkam",10,6,4,10,6,4,0,0,0,2,0,0,1,0,0,2021-04-17 09:51:16,
34,Chennai,Kanchi Kamakoti Child Trust Hospital,12,4,8,10,2,8,0,0,0,2,2,0,2,1,1,2021-04-18 09:52:29,18/04/2021
35,Chennai,Karpaga Vinayaga Medical Science & Ri,210,20,192,210,20,190,0,0,0,4,0,4,2,0,0,2021-04-16 09:35:37,9.4.2021
36,Chennai,Kauvery Hospital,60,60,0,14,14,0,37,37,0,10,10,0,6,2,4,2021-04-17 11:18:26,
37,Chennai,Kumaran Hospital Pvt ltd,60,58,2,60,58,2,0,0,0,10,10,0,6,6,0,2021-04-14 09:33:05,14/04/2013
38,Chennai,"KVT Speciality Hospital, Erukanchery",26,23,2,0,0,0,18,16,2,8,7,1,1,1,0,2021-04-16 11:16:57,16.04.2021
39,Chennai,Laksha Hospital Royapettah,30,29,1,30,11,19,30,0,0,10,7,3,2,0,2,2021-04-13 14:28:24,13.04.2021
40,Chennai,Life Care Hospital,17,15,2,10,10,0,4,2,2,3,3,0,2,0,2,2021-04-18 11:59:01,18.4.2021
41,Chennai,Lifeline Hospitals,30,30,0,10,10,0,20,20,0,0,0,0,1,0,1,2021-04-17 11:29:37,17.04.2021
42,Chennai,M G M Health Care Pvt Ltd,80,75,5,5,0,5,65,61,4,15,14,1,5,0,0,2021-04-17 10:13:39,17-04-2021
43,Chennai,M.R Hospital,15,14,1,15,14,1,0,0,0,4,3,1,2,0,2,2021-04-18 08:47:03,18.04.2021
44,Chennai,Maya Nursing Home,40,40,0,15,15,0,20,0,5,5,5,0,4,0,4,2021-04-14 08:58:45,UPDATED
45,Chennai,Medway Hospital,35,0,35,8,0,8,0,0,0,8,0,8,3,0,3,2021-04-16 09:12:23,16.04.21
46,Chennai,Meenakshi Medical College,80,1,79,31,0,31,42,1,41,7,0,7,7,0,7,2021-04-08 08:28:59,Update
47,Chennai,Melmaruvathur Aadhiparasakthi Medical College,250,66,184,30,21,9,175,24,151,45,21,24,12,9,3,2021-04-18 08:19:40,18.04.2021 SUSPECT -29 ACTIVE COVID -66
48,Chennai,Mint Hospital,24,24,0,20,20,0,0,0,0,4,4,0,2,0,2,2021-04-16 08:13:40,16.4.2021 06.30Am Updated
49,Chennai,Miot Hospital,300,42,258,70,0,0,197,35,162,33,7,28,10,0,10,2021-04-16 14:42:19,
50,Chennai,MMRV Hospital,60,60,0,30,30,0,0,0,0,30,30,0,4,4,0,2021-04-18 07:29:59,18/04/2021
51,Chennai,Muthu hospital,20,20,0,10,10,0,10,10,0,3,3,0,2,0,2,2021-04-17 08:45:23,13-03-2021
52,Chennai,National Hospital,90,90,0,90,90,0,0,0,0,10,10,0,4,4,0,2021-04-17 08:08:01,17-04-2021
53,Chennai,"New Hope Multi Speciality Hospital, Kilpauk",20,11,18,20,11,14,11,0,0,0,0,0,0,0,0,2021-04-18 08:14:37,
54,Chennai,New Life Hospitals,35,0,35,32,0,32,3,0,3,3,0,3,2,0,2,2021-04-16 09:12:03,16-04-21
55,Chennai,New Lifemed Hospital,45,45,0,12,11,1,25,25,0,4,4,0,1,0,1,2021-04-18 10:24:30,NIL
56,Chennai,Noble Hospital,60,60,0,60,60,0,4,4,0,4,4,0,2,0,0,2021-04-16 09:25:37,..Nill
57,Chennai,Orthomed Hospital,55,54,1,45,45,0,0,0,0,10,9,1,3,3,0,2021-04-18 09:10:06,
58,Chennai,Padmini Nursing Home Chetpet,32,35,0,35,25,0,0,0,0,5,5,0,1,1,0,2021-04-18 09:07:04,Updated
59,Chennai,Panimalar Medical College & Hospital,75,0,75,62,0,62,3,0,3,10,0,10,3,0,3,2021-04-18 10:36:37,.
60,Chennai,Prashanth Hospital,50,50,0,42,42,0,0,0,0,8,8,0,4,4,0,2021-04-18 07:16:27,18/04/2021
61,Chennai,"Rama Rau Polyclinc, Kilpauk",20,10,18,20,10,19,0,0,0,0,0,0,0,0,0,2021-04-18 08:14:09,
62,Chennai,"Retteri Sri Kumaran Health Centre (P) Ltd, Kolathur",22,15,7,10,1,9,2,0,2,4,0,4,3,0,3,2021-04-18 17:22:01,18.04.2021
63,Chennai,RPS hospital pvt ltd,25,25,0,15,15,0,10,10,0,2,1,1,1,1,0,2021-04-17 11:12:12,17/04/21
64,Chennai,"Sai Speed Hospital, Arumbakkam",11,11,0,11,5,0,11,6,0,2,0,2,2,0,2,2021-04-18 06:53:03,Updated as on 18/04/2021
65,Chennai,Sakthi Hospital Research Centre Triplicane,38,38,0,9,9,0,24,24,0,5,5,0,0,0,0,2021-04-15 15:25:46,15.04.2021
66,Chennai,Saveetha Medical College,400,179,221,250,92,158,135,72,63,15,15,0,15,7,8,2021-04-18 10:00:10,
67,Chennai,SIMS Hospital Vadapalani,120,106,14,118,104,20,118,0,0,2,2,0,2,0,0,2021-04-18 09:05:54,
68,Chennai,"Sivam Hospitals, Ullagaram",20,0,20,10,0,10,10,0,10,7,0,7,3,0,3,2021-04-16 11:04:46,16.04.2021
69,Chennai,Sooriya Hospital,75,65,10,64,54,10,0,0,0,11,11,0,4,0,4,2021-04-18 08:31:37,18.04.21 status
70,Chennai,Sree Balaji Medical College & Hospital,200,42,158,60,12,48,135,25,110,5,5,0,5,2,3,2021-04-18 08:30:04,
71,Chennai,Sree Lakshmi Clinic and Maternity Centre,14,0,14,10,0,10,0,0,0,4,0,4,2,0,2,2021-03-15 14:19:12,15.03.2021
72,Chennai,"Sri Ramachandra Medical College Hospital, Porur",260,61,199,260,61,199,0,0,0,10,8,2,6,5,1,2021-04-18 08:57:13,
73,Chennai,Sri Sathya Sai Medical College & Research Institue,244,7,237,24,0,24,200,7,193,20,0,20,10,0,10,2021-04-18 09:12:44,1804.2021 - 7positive cases
74,Chennai,Srinivas Priya Hospital Perambur,20,12,8,20,12,8,0,0,0,2,2,0,1,1,0,2021-04-18 16:54:25,18.04.2021
75,Chennai,Srinivasan Rajalakshmi Memorial Hospital,40,36,4,35,31,4,0,0,0,5,5,0,3,2,1,2021-04-18 09:04:36,18.04.2021
76,Chennai,Srm Medical College & Hospital,206,82,124,50,8,42,150,70,80,6,4,2,7,0,7,2021-04-18 07:45:17,SRM MCH & RC
77,Chennai,St. Thomas Hospital,46,46,0,10,10,0,36,36,0,0,0,0,0,0,0,2021-04-18 10:26:14,18.04.2021
78,Chennai,Sundaram Medical Foundation,17,17,0,11,11,0,0,0,0,6,6,0,5,5,0,2021-04-18 09:06:26,
79,Chennai,Tagore Medical College & Hospital,80,0,80,80,13,67,162,41,121,12,7,5,4,0,4,2021-04-17 10:57:33,17-4-2021
80,Chennai,"The Guest Hospital, Kilpauk",23,23,0,23,23,0,0,0,0,2,2,0,0,0,0,2021-04-18 09:05:56,18/04/2021
81,Chennai,Tosh Hospitals Pvt Ltd,26,19,7,22,19,3,0,0,0,4,0,4,1,0,1,2021-04-18 08:04:00,18-04-2021
82,Chennai,Trinity Acute care Hospital,24,20,0,20,20,0,0,0,0,4,4,0,4,0,4,2021-04-13 10:12:07,13/04/2021
83,Chennai,"Vasantha Subramanian Hospitals Pvt Ltd, Chetpet",49,49,0,43,43,0,0,0,0,6,6,0,6,2,4,2021-04-17 09:56:14,17/04/2021
84,Chennai,Venkateswara Hospital,100,84,16,100,84,16,0,0,0,10,10,0,6,6,0,2021-04-17 11:19:39,17.04.2021
85,Chennai,"Vhs, Adayar",55,50,5,55,50,5,0,0,0,9,9,0,6,4,2,2021-04-18 06:47:02,
86,Chennai,Vihaa Hospital Anna Nagar,30,30,0,30,30,0,0,0,0,0,0,0,2,0,2,2021-04-18 09:09:13,18/04/2021
87,Chennai,Vijaya Group Of Hospital,90,76,14,80,60,20,0,0,0,10,10,0,6,2,4,2021-04-18 16:16:09,18/04/2021
88,Chennai,Sims (Srm Institutes For Medical Science Hospital) Nungumbakkam,70,67,3,62,59,3,0,0,0,8,8,0,6,0,5,2021-04-18 09:04:42,
89,Chennai,"KMS Health Centre Pvt Ltd,Selaiyur",30,16,14,10,10,0,10,0,10,10,5,5,2,1,1,2021-04-12 17:16:31,12 April 2021
90,Chennai,Nichani Hospital,30,0,30,5,0,5,20,0,20,1,0,1,1,0,1,2021-04-18 08:04:26,18/4/2021 - 0
91,Chennai,Dr.Metha hospital Chetpet,45,34,11,43,32,11,0,0,0,2,2,0,2,0,0,2021-04-18 09:08:12,18/04/2021
92,Coimbatore,G. Kuppusamy Naidu Hospital,154,81,73,120,64,56,24,7,17,10,10,0,0,0,0,2021-04-18 10:21:08,GKNM Cbe
93,Coimbatore,"Hindusthan Hospital, Udaiyampalayam",70,60,10,45,45,0,20,6,14,4,3,1,4,3,1,2021-04-18 12:04:10,Hindusthan 18.04.2021
94,Coimbatore,Karpagam Faculty Medical College And Hospital,250,37,213,30,6,24,217,31,186,3,0,3,2,0,2,2021-04-18 11:27:57,37 POSITIVE + 2 SUSPECTS
95,Coimbatore,KG Hospital,68,68,0,68,68,0,0,0,0,24,24,0,24,24,0,2021-04-18 10:06:42,KG HOSPITAL RACE COURSE Coimbatore
96,Coimbatore,Kongunad Hospital,200,195,5,165,165,0,20,15,5,15,15,0,5,5,0,2021-04-18 10:47:14,Kongunad Hospitals Pvt ltd
97,Coimbatore,Kovai Medical College Hospital,163,151,12,40,40,0,107,95,12,16,16,0,8,8,0,2021-04-18 09:26:01,
98,Coimbatore,One Care Medical Centre,38,32,6,38,32,6,0,0,0,6,6,0,3,3,0,2021-04-18 10:50:40,18/04/2021
99,Coimbatore,"PSG Institute Of Medical Sciences and Research, Coimbatore",440,298,142,145,131,14,265,154,111,30,13,17,15,10,5,2021-04-18 10:23:20,18th APRIL
100,Coimbatore,Royal Care Super Speciality Hospital,50,50,0,44,44,0,0,0,0,6,6,0,3,3,0,2021-04-18 08:24:10,Neelambur unit 18.04.2021
101,Coimbatore,Royal Care Super Speciality Hospital Gandhipuram,0,0,0,0,0,0,0,0,0,0,0,0,0,0,0,2021-04-18 08:24:29,Gandhipuram unit - 18.04.2021
102,Coimbatore,Sri Ramakrishna Hospital,80,80,0,64,64,0,11,4,7,5,5,0,5,2,3,2021-04-18 09:34:25,18.04.2021
103,Coimbatore,"KMCH Kovilampalayam Hospital, Sathy Road",50,50,0,50,50,0,0,0,0,0,0,0,10,0,10,2021-04-18 10:59:09,18.04.2021
104,Cuddalore,"NLCIL Hospital,Neyveli",92,80,12,10,2,8,80,78,2,2,0,2,2,0,2,2021-04-18 13:08:18,"As on 18-04-2021 Ventilator beds are in ICU for Emergency sick patients,)"
105,Dindigul,Christian Fellow Community Centre,50,0,50,3,0,3,47,0,47,0,0,0,0,0,0,2021-04-18 08:02:19,18/04/2021
106,Dindigul,Christian Fellowship Hospital,16,3,13,4,0,4,12,0,12,0,0,0,0,0,0,2021-04-18 08:03:22,18.04.2021
107,Dindigul,Leonard Hospital,50,1,49,10,0,10,40,0,39,0,0,0,0,0,0,2021-04-18 07:24:52,18.04.2021
108,Dindigul,St.Joseph Hospital,50,42,8,50,42,8,0,0,0,0,0,0,0,0,0,2021-04-18 08:36:25,18.04.2021
109,Dindigul,Vel Multispeciality Hospital,50,35,15,23,9,14,25,25,0,2,2,0,1,1,0,2021-04-18 08:28:12,
110,Erode,Erode Medical Centre,25,0,25,11,0,11,14,0,14,14,0,14,2,0,2,2021-04-18 08:01:07,Nil
111,Erode,Maaruthi Medical Centre And Hospital,10,0,10,4,0,4,3,0,3,3,0,3,1,0,1,2021-04-18 07:37:13,Nil
112,Erode,Sudha Hospital,62,62,0,40,40,0,18,18,0,7,7,0,12,12,12,2021-04-18 08:20:57,balance 0
113,Kallakurichi,Annai Medical Centre,25,9,16,15,9,6,0,0,0,10,0,10,4,0,4,2021-04-17 14:09:18,A
114,Kallakurichi,E.S. Hospital,25,0,25,6,0,6,9,0,9,10,0,10,6,0,6,2021-04-17 10:33:59,NILL
115,Kallakurichi,I Med Super Speciality Hospital,10,3,7,5,1,4,5,0,3,2,0,2,1,0,1,2021-04-18 13:58:34,18 23
116,Kallakurichi,Lotus Paediatric Emergency Centre,5,0,5,0,0,0,0,0,0,7,0,7,0,0,0,2021-04-16 11:18:59,Lotus hospital
117,Kallakurichi,Maragadam Hospital,15,0,15,6,0,5,5,0,5,2,0,1,1,0,1,2021-04-17 09:36:17,Nil
118,Kallakurichi,S A Hospital,5,0,5,3,0,3,2,0,2,3,0,3,1,0,1,2021-04-17 10:18:18,
119,Kallakurichi,Sri Sanjeevi Hospital,60,39,21,35,35,0,10,0,10,16,4,12,9,0,9,2021-04-18 09:17:54,Updated...
120,Kancheepuram,Bon Secuors Hospital,30,0,30,5,0,5,25,0,25,0,0,0,0,0,0,2021-04-18 07:49:20,Updated 18/04/2021
121,Kancheepuram,Chennai Urology & Robotics Institute Hospital Thoraippakkam,20,16,4,20,16,4,0,0,0,0,0,0,0,0,0,2021-04-18 09:16:18,18.04.2021
122,Kancheepuram,Madha Medical College&Research Institute,200,29,171,20,2,18,174,22,152,6,5,1,2,2,0,2021-04-18 10:33:48,18.4.2021
123,Kancheepuram,Sri Muthukumaran Medical College,380,5,375,50,2,48,314,3,312,16,0,16,6,0,6,2021-04-18 11:14:17,18.04.2021
124,Kancheepuram,Apollo Medical Centre Karapakkam,0,0,0,0,0,0,0,0,0,0,0,0,0,0,0,2021-04-17 11:43:13,Updated 17.04.2021
125,Kanyakumari,Bensam Hospital,65,24,41,48,5,43,16,19,0,1,0,1,1,0,1,2021-04-18 13:51:27,.
126,Kanyakumari,C.S.I.MISSION HOSPITAL,108,8,100,25,0,25,75,8,67,8,0,8,5,0,5,2021-04-18 07:09:52,.
127,Kanyakumari,Dr. Jayasekaran Medical Trust Hospital,100,97,3,34,34,0,55,55,0,11,8,3,4,2,1,2021-04-18 11:32:07,.
128,Kanyakumari,Sree Mookambika Institute of Medical Sciences,180,0,180,75,0,75,95,0,95,10,0,10,10,0,10,2021-04-18 07:08:37,
129,Kanyakumari,Vasantham Health Centre,80,38,42,40,9,31,27,1,26,7,2,8,6,2,4,2021-04-18 07:09:00,.
130,Karur,Amaravathi Hospital,19,19,0,4,0,4,4,0,0,12,6,12,2,0,2,2021-04-18 09:08:56,18.04.2021
131,Karur,"Apollo Logo Hospital,Karur",17,17,0,17,17,0,0,0,0,3,2,1,2,0,2,2021-04-18 07:22:03,18.04.2021
132,Krishnagiri,Chandrasekara Hospital,10,1,9,10,1,9,0,0,0,0,0,0,0,0,0,2021-04-18 12:10:37,
133,Krishnagiri,"Kauvery Hospital, Hosur",25,25,0,25,25,0,0,0,0,0,0,0,0,0,0,2021-04-17 10:31:04,nill
134,Madurai,Apollo Hospital,77,63,36,71,63,36,0,0,0,6,6,0,4,0,0,2021-04-18 08:48:47,Updated..
135,Madurai,Bharathi Hospital,23,23,0,1,0,1,23,23,0,0,0,0,0,0,0,2021-04-18 08:57:43,18.04.2021 Updated....
136,Madurai,Devadoss Multispeciality Hospital,33,15,18,7,4,3,17,6,11,9,5,4,3,1,2,2021-04-18 07:50:25,Update
137,Madurai,Guru Multispeciality Hospital,40,34,6,12,0,10,15,15,0,13,0,35,3,0,3,2021-04-18 09:36:44,Updated.
138,Madurai,"Harshini Hospital,Sathamangalam",25,14,11,5,5,0,20,19,11,0,0,0,0,0,0,2021-04-17 10:48:08,Updated 17.04.2021
139,Madurai,"Harshitha Hospital, Avaniyapuram",40,40,0,36,36,0,0,0,0,4,4,0,2,0,2,2021-04-18 10:36:47,UPDATED 18.04.2021.
140,Madurai,Lakshmana Multispeciality Hospital,25,8,17,13,13,0,10,0,10,2,0,0,2,0,2,2021-04-18 09:35:29,Updated on 18.4.2021
141,Madurai,Meenakshi Mission Hospital and Research Centre,154,81,73,78,71,7,66,0,66,10,10,0,6,2,4,2021-04-18 16:27:35,Nil....
142,Madurai,Rahavendhar Hospital,45,14,31,8,4,4,28,5,23,9,5,4,2,2,0,2021-04-18 11:40:16,18.04.2021
143,Madurai,Saravana Hospital,30,4,26,15,1,14,9,0,5,6,0,6,4,0,4,2021-04-17 13:44:58,17.04.2021 updated
144,Madurai,Shenbagam Hospitals Pvt Ltd.,30,22,8,26,20,6,0,0,0,4,2,2,3,0,3,2021-04-17 09:05:20,UPDATE ON 17.04.2021
145,Madurai,"Sumathi Hospital & Fertility Center,Anna Nagar",18,5,13,15,4,11,0,0,0,2,0,2,1,0,1,2021-04-17 10:57:30,updated on 17/04/2021..
146,Madurai,"Thembavani Hospital,Gnanaolipuram",15,14,1,4,2,2,10,10,0,3,2,1,1,0,1,2021-04-18 11:01:01,18.04.2021....
147,Madurai,Vadamalayan Hospital,60,55,5,53,48,5,0,0,0,7,7,0,4,4,0,2021-04-18 10:00:32,Updated 18-04-2021
148,Madurai,Velammal Medical College Hospital and Research Institute,200,30,170,70,9,61,100,11,89,30,10,20,15,1,14,2021-04-17 10:57:35,Updated....
149,Mayiladuthurai,Cahoj Hospital,12,0,12,7,0,7,5,0,5,0,0,0,0,0,0,2021-04-18 10:12:59,Nil
150,Mayiladuthurai,Ram Bone And Joint Hospial,2,0,2,0,0,0,2,0,2,1,0,1,1,0,1,2021-04-18 09:07:30,Nil
151,Mayiladuthurai,Shanthi Nursing Home,5,0,5,2,0,2,3,0,3,1,0,1,1,0,1,2021-04-18 09:41:45,Nil
152,Namakkal,Aravinth Hospital,18,0,18,2,0,2,16,0,16,4,0,4,2,0,2,2021-04-18 06:52:40,Reports submitted for 18.04.2021
153,Namakkal,M.M.Hospital,44,14,30,35,14,21,0,0,0,5,0,5,4,0,4,2021-04-18 07:24:06,M M HOSPITAL REPORT UPDATE FOR 18.04.2021
154,Namakkal,Maharaja Speciality Hospital,25,6,19,25,3,19,3,0,0,7,0,7,2,0,2,2021-04-18 07:40:36,Report submitted on : 18.04.2021
155,Namakkal,Thangam Hospital,18,15,3,18,15,3,0,0,0,4,4,0,1,0,1,2021-04-18 07:04:55,Submitted on 18.04.2021
156,Namakkal,Vivekanandha Medical Care Hospital,100,11,89,20,1,19,75,8,67,5,2,3,5,0,5,2021-04-18 08:03:23,Dat18.04.2021 time. 6.53am
157,TheNilgiris,Ashwini Gudalur Tribal Hospital,12,0,12,4,0,4,8,0,8,0,0,0,0,0,0,2021-04-18 09:04:23,18.04.2021
158,TheNilgiris,Nankam Hospital,8,14,1,0,0,0,0,0,0,0,0,0,2,0,2,2021-04-17 13:11:14,17/04/2021
159,TheNilgiris,Sagayamatha Hospital,12,0,12,0,0,0,12,0,12,0,0,0,0,0,0,2021-04-17 08:51:06,17/04/21
160,Perambalur,Amma Hospital Thuraimangalam,5,0,0,0,0,0,0,0,0,0,0,0,0,0,0,2021-04-16 12:35:47,Report on 16.04.2021
161,Perambalur,Aruptha Multispeciality Hospital,7,0,7,0,0,0,7,0,0,0,0,0,0,0,0,2021-04-16 12:31:32,Today Report on 16.04.2021
162,Perambalur,Devi Hospital Elambalur,0,0,0,0,0,0,0,0,0,0,0,0,0,0,0,2021-04-16 12:35:03,Report on 16.04.2021
163,Perambalur,Dhanalakshmisrinivasan Medical College And Hospital,180,38,142,60,38,22,120,0,120,10,0,10,10,0,10,2021-04-17 08:50:08,Nill.
164,Perambalur,Dr. Venkatesan Hospital,7,0,0,2,0,2,2,0,2,1,0,1,0,0,0,2021-04-16 12:32:05,Report on 16.04.2021
165,Perambalur,Lakshmi Nursing Home,10,0,10,4,0,4,3,0,3,3,0,3,2,0,2,2021-04-16 12:32:36,Today report 16-04-2021
166,Perambalur,Madhu Hospital,3,0,0,0,0,0,0,0,0,0,0,0,0,0,0,2021-04-16 12:33:24,Report 16.04.2021
167,Perambalur,Niranjan Nursing Home,7,0,7,0,0,0,7,0,7,0,0,0,1,0,1,2021-04-17 10:40:11,Report on 17.04.2021
168,Perambalur,Pedro Nursing Home,0,0,0,0,0,0,0,0,0,0,0,0,0,0,0,2021-04-16 12:35:26,Report on 16.04.2021
169,Perambalur,Ramasamy Hospital,7,0,7,7,0,0,0,0,0,0,0,0,0,0,0,2021-04-16 12:33:01,Report on 16.04.2021
170,Perambalur,Siva Hospital,5,0,5,1,0,1,4,0,4,1,0,1,0,0,0,2021-04-18 14:20:14,Today report 0 18/04/2021
171,Perambalur,SPT Hospital,0,0,0,0,0,0,0,0,0,0,0,0,0,0,0,2021-04-18 00:08:48,Report on 18.04.2021
172,Pudukkottai,Muthu Meenakshi Hospitals,30,0,30,20,0,20,0,0,0,10,0,10,3,0,3,2021-04-18 08:33:17,NIL
173,Ramanathapuram,Aasi Multi Speciality Hospital,40,3,37,35,3,32,0,0,0,5,0,5,1,0,1,2021-04-18 09:02:14,
174,Ramanathapuram,Kanagamani Hospital,31,0,31,0,0,0,26,0,26,5,0,5,2,0,2,2021-04-18 09:02:59,
175,Ramanathapuram,Vel Hospital Ramanathapuram,50,0,50,20,0,20,20,0,20,10,0,10,2,0,2,2021-04-18 09:00:35,
176,Salem,Annapoorna Medical College and Hospital,120,1,119,30,0,30,90,0,89,5,0,5,5,2,3,2021-04-17 12:07:26,
177,Salem,Dharan Hospital,115,102,13,43,43,0,64,0,13,8,8,0,2,0,2,2021-04-18 11:40:40,
178,Salem,"Kauvery Hospital, Salem",40,36,4,33,29,4,0,0,0,7,7,0,5,4,1,2021-04-17 11:27:20,Nil
179,Salem,Kurinji Hospital,80,36,44,60,0,60,0,0,0,20,0,20,0,0,0,2021-04-16 13:02:25,Nil
180,Salem,Manipal Hospital,31,28,1,19,19,0,11,11,0,3,2,1,2,0,2,2021-04-17 12:01:26,
181,Salem,Priyam Speciality Hospitals,60,21,39,60,21,39,0,0,0,20,0,20,5,0,5,2021-04-18 10:29:00,
182,Salem,Shanmuga Hospital Cancer Institute,50,24,26,5,0,17,5,4,3,10,1,7,1,0,1,2021-04-16 10:23:08,nil
183,Salem,SKS Hospital,45,38,3,32,8,22,0,0,0,0,0,0,0,0,0,2021-04-18 10:19:02,
184,Salem,Sri Gokulam Hospital,90,74,16,29,22,7,57,48,9,4,4,4,2,0,2,2021-04-18 05:10:43,18-04-21
185,Salem,Vinayaka Mission Super Specialty Hospitals Pvt Ltd,80,0,80,24,0,0,47,0,21,9,0,0,2,0,2,2021-04-16 10:14:39,
186,Salem,Vinyaga Mission Kirubanandha Variyar Medical College Hospital,145,19,126,45,2,43,100,9,91,15,0,15,5,0,5,2021-04-16 12:15:06,
187,Sivagangai,Kauvery Hospital Karaikudi,40,14,26,35,2,33,0,0,0,5,0,5,4,0,4,2021-04-18 08:01:33,18/04/2021 Positive - 5 Suspected-8 Total=13
188,Thanjavur,KG Multi Speciality Hospital,48,26,22,48,6,42,48,2,46,20,17,3,12,1,11,2021-04-18 09:41:04,09 CASES POSTIVE (vacant bed strenth 22 )
189,Thanjavur,Meenakshi Multispeciality Hospital,105,96,9,20,15,5,55,51,4,30,30,0,2,0,2,2021-04-18 10:28:35,"Positive-76, SARI-20"
190,Tiruvallur,Aakash Hospital,70,19,51,64,19,45,0,0,0,6,2,4,6,0,6,2021-04-17 11:01:01,17-04-2021
191,Tiruvallur,ACS Medical College And Hospital,50,0,50,10,0,10,40,0,40,0,0,0,0,0,0,2021-04-18 07:05:55,Nil
192,Tiruvallur,Peacock Hospitals Private Limited,29,24,5,19,19,0,2,0,2,6,5,1,1,0,1,2021-04-18 10:26:39,update 18/04/2021
193,Tiruvallur,Raj Nursing Home Mogappair East,24,21,3,17,16,1,0,0,0,7,5,2,2,2,0,2021-04-18 11:42:56,18/ 04/ 2021 8 AM
194,Tiruvallur,Ravina Health Care Pvt Ltd,24,24,0,21,20,1,21,0,0,3,0,3,1,1,0,2021-04-18 12:51:27,Updated
195,Tiruvallur,Sri Ivan Stedeford Hospital,0,0,0,0,0,0,0,0,0,0,0,0,0,0,0,2021-04-18 08:32:59,18.04.2021
196,Tiruvallur,Sugam Hospital,23,23,0,23,23,0,0,0,0,2,0,2,2,0,0,2021-04-18 11:15:41,updated 17.04.2021
197,Tiruvannamalai,Ramana Maharishi Hospital,75,36,39,20,0,20,55,36,19,20,0,20,2,0,2,2021-04-18 11:55:26,
198,Thoothukudi,Sacred Heart Hospital,35,7,28,28,2,26,5,5,0,2,0,2,1,0,1,2021-04-18 07:33:20,18.04.2021
199,Thoothukudi,Sri Hospital,25,17,8,21,15,6,0,0,0,4,2,2,1,0,1,2021-04-18 08:37:32,SRI HOSPITALS
200,Tirunelveli,"Annai Velankanni Multi Speciality Hospital, Palayamkottai",26,26,0,15,15,5,12,12,0,3,3,0,2,0,2,2021-04-18 13:28:22,"Positive - 26, Suspected - 4 18-4-2021"
201,Tirunelveli,Ponra Multispeciality Hospital,30,10,201,30,9,21,30,0,0,0,0,0,2,0,0,2021-04-17 12:22:51,
202,Tirunelveli,Rosemary mission hospital and research centre,30,28,2,20,9,11,10,9,1,0,0,0,0,0,0,2021-04-18 06:30:05,
203,Dindigul,Shifa Hospital,10,4,6,4,0,4,0,0,0,6,0,6,0,0,0,2021-04-18 08:15:52,18.04.2021
204,Tiruppur,Revathi Medical Centre,31,31,0,10,10,10,10,0,0,4,0,4,0,0,0,2021-04-18 08:43:03,NILL
205,Thiruvarur,Navajeevan Hospital,30,0,30,30,0,30,0,0,0,5,0,5,1,0,1,2021-04-18 06:25:20,Updated on 18.04.2021
206,Thiruvarur,Thiruvarur Medical Centre,30,14,16,30,14,16,0,0,0,0,0,0,1,0,1,2021-04-18 08:20:12,Updated
207,Thiruchirappalli,"Neuro One Hospital, Karur Bye Pass Road",25,14,11,8,7,1,11,5,6,6,2,4,6,1,5,2021-04-18 08:18:40,7 PATIENT WITH O2..... 5 PATIENT WITH OUT O2. 1 VENTILATOR SUPPORT 1 PATIENT VENTILATER SUPP. 1 HFNC..
208,Thiruchirappalli,Apollo Speciality Hospital,40,10,30,10,2,8,20,8,12,20,0,20,2,0,2,2021-04-18 08:10:01,
209,Thiruchirappalli,G V N Hospital Pvt Ltd,26,0,26,2,0,2,22,0,22,2,0,2,2,0,2,2021-04-18 09:25:35,
210,Thiruchirappalli,"Kavery Medical Centre And Hospital, Trichy",63,63,0,17,17,0,30,30,0,16,16,0,10,0,10,2021-04-18 09:30:43,Nil
211,Thiruchirappalli,Maruti Hospital,50,34,16,30,23,7,10,5,5,10,7,3,4,2,2,2021-04-18 08:11:10,
212,Thiruchirappalli,Sinduja Hospital,50,42,8,26,26,0,17,17,0,7,7,0,7,0,7,2021-04-18 08:13:11,Nil
213,Thiruchirappalli,"SRM Medical College Hospital And Research Centre, Trichy",200,82,118,90,16,74,90,63,27,20,3,17,0,0,0,2021-04-18 08:34:01,Nil
214,Thiruchirappalli,Dr.G.Viswanathan Hospital Mambalasalai,20,18,2,15,15,0,0,0,0,5,3,2,4,0,4,2021-04-18 10:35:07,Nil
215,Thiruchirappalli,Pankajam Sitaram Nursing Home (A Unit Of GVN Hospital),33,18,15,15,12,3,18,6,12,8,4,4,2,0,2,2021-04-18 09:35:54,
216,Thiruchirappalli,"Sundaram Hospital, Pudhur",45,39,6,28,25,3,9,9,0,8,5,3,2,0,2,2021-04-18 08:12:09,Nil
217,Thoothukudi,"Kamala Speciality Hospitals Pvt Ltd, Kovilpatti",21,18,3,14,14,0,4,4,0,3,3,0,1,0,1,2021-04-18 16:08:07,.
218,Vellore,Apollo KH Hospital Ranipet,18,18,0,10,10,0,8,0,0,0,0,0,0,0,0,2021-04-16 11:10:02,
219,Vellore,Christian Medical College,212,199,13,177,50,16,0,0,0,20,20,0,20,12,8,2021-04-17 18:31:59,
220,Vellore,Christian Medical College Kannigipuram campus,56,5,51,56,5,51,0,0,0,0,0,0,0,0,0,2020-11-03 07:34:58,
221,Vellore,Sri Narayani Hospital and Research Centre,57,57,0,57,57,0,0,0,0,1,0,1,24,0,24,2021-04-18 10:41:52,Report date 18.04.2021
222,Virudhunagar,Meenakshi Memorial Hospital,20,2,18,10,1,9,5,0,5,5,1,4,2,0,2,2021-04-18 08:37:42,2- patient Admitted
223,Virudhunagar,Sri Krishna Hospital,20,3,17,20,3,17,0,0,0,2,0,2,2,0,2,2021-04-18 07:12:47,No Comments
224,Chengalpattu,"Sai Fertility Centre & Hospital, Vedhachalam Nagar",8,0,8,4,0,4,3,0,3,1,0,1,1,0,1,2021-04-18 07:47:19,18.04.2021
225,Dindigul,City Hospital Gandhi Nagar,20,0,20,20,0,15,0,0,0,2,0,1,1,0,1,2021-04-18 08:19:40,18/04/2021.
226,Dindigul,"Raja Rajeswari Hospital, Spence Nagar",16,12,4,16,12,4,3,0,0,0,0,0,1,0,1,2021-04-18 06:03:22,18/04/2021
227,Madurai,"Santhya Speciality Hospital, Arappalaiyam Main Road",25,4,21,14,4,10,5,0,5,6,0,6,2,0,2,2021-04-18 09:57:38,Updated 18-04-2021
228,Ramanathapuram,"Arogya Hospital, Kenikarai",20,0,20,16,0,16,0,0,0,4,0,4,1,0,1,2021-04-18 09:01:54,
229,Salem,Saravana Hospital Ponnamapet,40,23,17,34,23,11,0,0,0,6,0,6,3,0,3,2021-04-18 11:43:47,18.04.2021
230,Thiruchirappalli,Sri Venkateswara Hospital T.V Koil,14,12,2,14,13,0,14,0,0,0,0,0,0,0,0,2021-04-18 10:58:23,
231,Madurai,Aristo Speciality Hospital Ponmeni,12,10,2,8,8,0,4,2,2,0,0,0,0,0,0,2021-04-18 10:44:52,Updated......
232,Madurai,"Asirvatham Speciality Hospital, Gandhi Nagar",20,0,20,3,0,3,15,0,15,2,0,2,2,0,2,2021-04-18 09:00:49,Nil - 18.04.2021.
233,Madurai,Bala Hospital Usilampatti,20,3,17,10,3,7,0,20,20,10,3,7,2,0,2,2021-04-17 11:21:08,6
234,Madurai,"KJS Speciality Hospital,K.Pudur",10,7,3,4,4,0,0,0,0,6,3,3,1,0,1,2021-04-18 11:23:10,updated 18.04.2021
235,Madurai,Nithilaa Nursing Home Palanganatham,10,9,1,10,0,1,10,9,1,0,0,0,2,0,2,2021-04-18 06:13:00,Covid - 19 patients today updated 18.04.2021. Thanking You !
236,Madurai,NTC Hospitals Vaithiyanathapuram,25,7,18,25,7,18,0,0,0,20,0,20,2,0,2,2021-04-18 11:06:57,NTC HOSPITALS MADURAI 18-04-2021 11 AM
237,Madurai,Raks Hospital Anna Nagar,19,18,1,15,15,0,0,0,0,4,4,0,5,0,5,2021-04-18 10:44:11,as on 18.04.2021
238,Chennai,Pon Malligai Hospital Adambakkam,40,27,13,37,27,10,2,2,0,5,5,0,2,2,0,2021-04-18 09:11:44,Date 18/04/2021
239,Chennai,Iswarya Fertility Centre Kilpauk,2,0,2,2,0,2,2,0,2,2,0,2,1,0,1,2021-04-17 12:28:49,Updated 25 17/04/2021
240,Chennai,Iswarya Fertility Centre Adyar,10,0,10,3,0,3,5,0,5,2,0,2,1,0,1,2021-04-18 13:13:43,18/04/2021
241,Chennai,Iswarya Fertility Centre Ambattur,5,0,5,2,0,2,2,0,2,2,0,2,2,0,2,2021-04-18 13:13:11,18/04/2021
242,Chengalpattu,"Parvathy Hospital Chrompet,",27,27,0,9,9,0,0,0,0,18,18,0,3,0,0,2021-04-18 08:46:11,18.04.2021
243,Chennai,"Shaarave Multi Speciality Hospital, Sowcorpet",6,3,3,2,2,0,0,0,0,3,0,3,2,0,2,2021-04-18 09:05:57,18.04.2021
244,Chennai,Shanmugam Multi Speciality Hospital Royapuram,10,10,0,9,9,0,1,0,0,3,0,0,1,1,0,2021-04-12 07:32:21,12.04.2021
245,Coimbatore,Atlas Pain Care Sowripalayam,40,0,40,0,0,0,40,0,40,0,0,0,0,0,0,2021-04-18 09:47:35,18.4.2021
246,Dindigul,"JCB Hospitals Palani Road,",22,8,14,22,8,14,0,0,0,2,0,2,2,0,2,2021-04-18 07:40:53,18.04.2021
247,Dindigul,"Shree SathyaSubha Hospital, New Agaraharam",22,16,6,22,16,6,0,0,0,3,0,3,3,0,3,2021-04-18 07:39:38,18/04/2021
248,Dindigul,"Van Allen Hospital, Kodaikanal",8,4,4,7,3,3,3,1,0,1,0,1,1,0,1,2021-04-18 08:19:27,18/04/2021
249,Kanyakumari,Swamiyarmadam Rathna Memorial Hospital,40,0,40,17,0,17,16,0,16,7,0,7,1,0,1,2021-04-18 07:09:28,
250,Krishnagiri,Vijay Sai Health Care Pvt Ltd,30,25,5,30,25,5,0,0,0,0,0,0,0,0,0,2021-04-18 09:43:54,.
251,Madurai,Rio Hospital Vandiyur,16,3,13,4,0,4,8,3,5,4,0,4,4,0,4,2021-04-18 10:49:54,updated 18/04/2021
252,Salem,"Universal Cancer Hospital, Kondalampatty",37,10,27,15,4,15,20,0,20,2,0,2,2,0,2,2021-04-18 10:46:23,Nil
253,Sivagangai,Devaki Multi Speciality Hospital,18,0,18,8,0,8,10,0,10,0,0,0,1,0,1,2021-04-18 09:54:34,18-04-2021
254,Sivagangai,Karthick Multi Speciality Hospital,13,0,13,9,9,0,4,0,0,1,0,0,1,0,0,2021-04-18 09:15:27,18.04.2021
255,Thiruchirappalli,"Velan Speciality Hospital, Highways Colony",15,0,15,15,15,0,0,0,0,3,0,3,1,0,1,2021-04-18 08:12:47,
256,Thoothukudi,Public Welfare Hospital Kovilpatti,18,0,18,6,0,6,11,0,11,1,0,1,1,0,1,2021-04-18 08:23:28,Nil.
257,Chennai,"Medway Women Centre, Kodambakkam",30,30,0,26,26,0,0,0,0,4,4,0,4,4,0,2021-04-18 13:20:56,18-04-2021
258,Dindigul,"K T Hospitals, Palani Bye pass Junction",25,14,11,10,4,6,10,10,0,5,0,5,1,0,1,2021-04-18 08:33:14,18.04.2021
259,Madurai,"Raksha Hospital, Anna Nagar",10,0,10,10,0,0,10,0,0,4,0,3,0,0,0,2021-04-17 10:11:24,No changes 17.04.2021
260,Madurai,Thirusenthilandavar Multispeciality Hospital,10,0,10,2,0,2,6,0,6,2,0,2,1,0,1,2021-04-17 10:01:24,Updated on 17.04.2021
261,Sivagangai,"Madha Hospital, Manamadurai",50,2,48,10,1,9,40,1,39,10,0,10,1,0,1,2021-04-18 08:39:24,
262,Madurai,"Ahana Hospital,11,Subramanian st,Annanagar,Madurai",35,29,6,34,28,6,0,0,0,1,1,0,1,0,1,2021-04-18 07:10:29,Nil...
263,Chennai,"Apollo Hospital, OMR, Perungudi",20,19,0,10,10,0,0,0,0,10,9,1,4,2,2,2021-04-18 13:28:07,Updated 16/4/2020
264,Chennai,"K.G.J Hospitals, Korattur",20,16,4,20,16,4,0,0,0,5,0,5,2,0,2,2021-04-18 10:22:00,Updated 18/04/2021
265,Chennai,"Padmapriya Hospital, Adyar",5,0,5,14,0,14,1,0,1,0,0,0,1,0,1,2021-04-18 10:07:31,updated 18-04-2021
266,Chennai,"Priya Nursing Home, Old Washermenpet",10,10,0,0,0,0,0,0,0,5,0,0,0,0,0,2021-04-07 11:07:12,07/04/2021
267,Chennai,"Saraswathy Multi Speciality Hospitals, Madipakkam",70,68,2,20,20,0,20,18,2,30,30,0,6,5,1,2021-04-18 07:44:18,
268,Chennai,"Suman Hospital, Thiruvotriyur",25,15,10,15,15,0,0,0,0,5,0,0,2,0,0,2021-04-17 17:04:37,17-04-2021
269,Chennai,"The Madras Medical Mission, Mogappair",15,0,15,13,0,13,0,0,0,2,0,2,1,0,1,2021-04-18 09:29:09,18-04-2021
270,Coimbatore,Abinand Hospital,55,32,23,20,20,0,30,9,21,5,3,2,5,0,5,2021-04-18 08:56:34,on 18.04.2021
271,Coimbatore,"Sree Abirami Hospital, Coimbatore TN.",50,45,5,40,38,2,5,1,3,5,5,0,3,3,0,2021-04-18 09:57:41,18/4
272,Erode,"Kovai Medical Centre,Erode TN.",45,0,45,20,0,20,25,0,25,0,0,0,0,0,0,2021-03-15 13:39:08,.
273,Kancheepuram,"TCS, Sirucherry",48,8,40,0,0,0,48,8,40,0,0,0,0,0,0,2021-04-18 07:39:17,UPDATED TILL 18/04/2021 08:00AM
274,Kanyakumari,"Bethesda Hospital, Nagercoil",31,11,20,31,11,20,11,11,11,7,0,7,2,0,2,2021-04-18 07:08:10,
275,Kanyakumari,"Siva Hospital, Nagercoil",50,27,23,18,0,18,30,27,3,10,0,10,3,0,3,2021-04-18 07:07:41,
276,Karur,"ABS Hospital, Thanthonimalai",20,20,0,20,20,0,16,0,0,5,5,0,3,0,3,2021-04-18 06:13:04,18.04.2021
277,Krishnagiri,"Sri Chandrasekaran Hospital unit -2, Hosur",90,46,44,85,64,21,5,0,5,0,0,0,0,0,0,2021-04-18 12:11:33,
278,Madurai,"BGM Hospital, Iyer Bungalow",16,7,9,8,0,8,6,2,2,4,0,4,1,0,1,2021-04-18 07:35:17,18.04.2021 ( covid - 19 four patients admission in our hospital )
279,Madurai,"Dr.Chidambaram Memorial Hospital, Jai Hind puram",10,2,8,10,3,7,0,0,0,0,0,0,0,0,0,2021-04-18 09:34:15,18.04.2021 UPDATED...
280,Madurai,"Gowri Nursing Home, Jeeva Nagar",10,5,5,10,5,5,0,0,0,0,0,0,0,0,0,2021-04-18 11:45:36,Update . 18.04. 2021........
281,Madurai,"Grace Kennett Foundation Hospital, Kennett Road",10,9,1,4,4,0,2,2,0,4,2,2,2,1,1,2021-04-18 08:36:22,ADMISSION - 1 DISCHARGE - 1
282,Madurai,"Swarnakamalam (SKG) Multispeciality Hospital Pvt Ltd, Thirumanagalam",33,2,31,5,2,3,5,0,5,23,0,23,8,0,8,2021-04-18 11:11:23,18-04-2021
283,Nagapattinam,"Arun Priya Nursing Home, Nagapattinam TN.",10,0,10,3,0,3,7,0,7,1,0,1,1,0,1,2021-04-18 09:06:15,Nil
284,Ramanathapuram,Meera Clinic,25,0,25,10,0,10,10,0,10,5,0,5,2,0,2,2021-04-18 09:02:36,
285,Salem,"Geeth Raghunath Hospital, Attur",25,10,18,25,0,0,25,0,0,4,0,4,2,0,2,2021-04-18 11:40:42,
286,Salem,"Karthik Medical Centre, Idappadi",14,6,8,4,0,4,10,0,4,0,0,0,1,0,1,2021-04-18 09:31:28,
287,Salem,"Shivasurya Polyclinic, Salem",10,0,10,4,0,4,5,0,5,1,0,1,0,0,0,2021-04-16 12:15:58,Nil
288,Salem,"Sree Vasantham Hospital, Gugai",25,5,20,11,0,11,3,0,0,5,0,5,3,0,3,2021-04-16 11:57:31,
289,Tenkasi,"Meeran Hospital, Tenkasi",35,2,33,29,2,27,2,0,2,4,0,4,1,0,1,2021-04-18 12:54:13,
290,Tenkasi,"Santhi Hospital, Vaikkalpalam, Tenkasi",0,0,0,0,0,0,0,0,0,0,0,0,0,0,0,2021-04-18 12:53:44,
291,Thanjavur,Our Lady Hospital,59,32,27,20,0,20,30,26,4,9,0,9,2,0,2,2021-04-18 08:46:25,Total positive case - 17 Total sari case - 09
292,Thanjavur,"Sri Naadi Hospital, Pattukottai",30,0,30,15,0,15,10,0,10,5,0,5,3,0,3,2021-04-18 09:48:54,0 positive case
293,Thanjavur,"Vijay Poly Clinic, Kumbakonam",20,5,15,9,0,9,10,5,5,1,0,1,1,0,1,2021-04-18 09:40:25,5 suspected case
294,Theni,Arun Hospital,10,0,0,10,0,0,10,0,0,3,0,0,0,0,0,2021-04-18 07:30:50,Covid center
295,Theni,"Nalam Hospital, Allinagaram",12,3,9,10,3,7,2,0,2,0,0,0,0,0,0,2021-04-18 06:39:27,Nil
296,Theni,"Ramapadyan Hospital, A.Pudur Vilakku",15,0,15,2,0,2,7,0,8,2,0,2,1,0,0,2021-04-18 07:29:22,Covid care centre
297,Theni,"Theni Medical Centre, Nehruji Road",25,5,20,25,1,24,0,0,0,0,0,0,0,0,0,2021-04-18 07:31:43,Covid care center theni
298,Tirunelveli,"Royal Hospital, NGO Colony",0,0,0,0,0,0,0,0,0,0,0,0,0,0,0,2021-04-17 11:48:55,
299,Tirunelveli,"Sudharson Platinum Hospitals, Vannarpettai",28,25,3,10,10,0,7,0,2,11,11,0,3,0,3,2021-04-18 10:37:03,25 positive and 1 susupected cases
300,Thiruchirappalli,"Athma Hospitals, Thillai Nagar",15,2,13,6,1,5,8,0,8,1,1,0,1,0,1,2021-04-18 11:16:58,CT POSITIVE.
301,Thiruchirappalli,Kavi Hospital & Neuro Foundation,30,0,30,24,0,24,4,0,4,2,0,2,2,0,2,2021-04-18 08:16:16,Nil
302,Thiruchirappalli,Mangalam Hospital,14,8,6,11,6,5,3,2,1,0,0,0,0,0,0,2021-04-18 08:13:45,
303,Thiruchirappalli,MMM Multi Speciality Hospital,20,0,20,18,0,18,2,0,2,2,0,2,1,0,1,2021-04-18 08:17:11,Nil
304,Thiruchirappalli,"Retna Global Hospital, Tennur",33,27,6,29,23,6,0,0,0,4,4,0,4,3,1,2021-04-18 11:27:48,Nil
305,Thiruchirappalli,"Star KIMS Hospital, Thillai Nagar",20,10,10,15,7,8,0,0,0,5,3,2,6,0,6,2021-04-18 08:14:38,
306,Thiruchirappalli,"Trichy Medical Centre and Hospital, Thillai Nagar",22,22,0,15,15,0,2,2,0,5,5,0,2,0,2,2021-04-18 10:18:06,NIL
307,Thoothukudi,"Aarthi Hospital, Kovilpatti",14,14,0,8,8,0,2,2,0,4,4,0,1,0,1,2021-04-18 09:29:01,RT-PCR positive Cases: 14 Suspected SARI Cases: 1
308,Thoothukudi,"City Hospital, Tuticorin",0,0,0,0,0,0,0,0,0,0,0,0,0,0,0,2021-04-18 07:45:24,Temporarily stopped as per JDHS Instruction
309,Thoothukudi,"K.M.T Hospital, Kayalpatnam",15,3,12,5,0,5,5,3,2,5,0,5,1,0,1,2021-04-18 07:42:33,18.04.2021
310,Thoothukudi,"Sree Chendur Multispeciality Hospital, Kovilpatti",16,10,6,13,10,3,0,0,0,3,0,3,0,0,0,2021-04-18 08:13:23,
311,Thoothukudi,Suganthi Nursing Home (Unit of Sundaram Arulrhaj Hospitals),0,0,0,0,0,0,0,0,0,0,0,0,0,0,0,2021-04-18 07:43:22,temporarily closed
312,Virudhunagar,"VVVNC, Chatrarediapatti",40,9,31,40,9,31,0,0,0,15,9,6,1,0,1,2021-04-18 09:00:56,
313,Chennai,Dr. Mehtas Hospital,102,84,18,92,75,17,0,0,0,10,9,1,4,2,2,2021-04-18 09:24:17,Updated on 18/04/2021
314,Tirunelveli,Shifa Hospital,52,28,24,37,18,19,12,0,7,3,3,0,3,3,0,2021-04-18 12:54:38,28 positive cases & 5 Suspected Cases 18/04/2021
315,Chennai,Annai Multispeciality Hospital,25,15,10,10,5,5,15,0,7,8,2,6,4,0,4,2021-04-18 09:01:30,18/04/2021 Covid care helpline - 8778501016/9894686088
316,Thiruchirappalli,Royal Pearl Hospital,15,0,15,10,0,10,3,0,3,2,0,2,5,0,5,2021-04-18 08:19:36,Nil
317,Mayiladuthurai,Vishnu hospital,8,8,0,2,0,2,8,8,0,1,0,1,1,0,1,2021-04-18 09:51:34,
318,Sivagangai,Apollo,30,28,2,30,28,2,0,0,0,2,0,2,1,0,1,2021-04-18 10:17:24,Updated .1
319,Sivagangai,Senthil hospital,40,8,32,31,8,23,0,0,0,9,0,9,4,0,4,2021-04-18 08:13:04,18/04/2021
320,Chengalpet,KMS Health Centre,25,6,19,13,3,10,12,2,10,3,0,3,2,0,2,2021-04-16 11:17:31,Nil
321,Salem,"Kamala Hospital,Agraharam",25,16,9,7,0,7,18,16,2,10,0,0,8,0,8,2021-04-18 09:39:58,
322,Coimbatore,"Coimbatore Diabetic Foundation,maruthamalai road",30,0,30,27,0,27,0,0,0,3,0,3,1,0,1,2021-04-18 10:47:04,18.04.2021
323,Kanyakumari,"Manuel Orthopedic Hospital, therekaalputhoor",25,0,25,25,0,25,0,0,0,5,0,0,2,0,2,2021-04-18 07:11:15,
324,Kanyakumari,"Joseph Sahayam Speciality Hospital, Nagerkoil",68,1,67,31,0,31,31,1,30,6,0,6,4,0,4,2021-04-18 07:10:47,
325,Kanyakumari,"Thasiah Medical centre, Marthandam",30,1,29,13,0,13,7,0,6,10,0,10,2,0,2,2021-04-18 07:11:48,.
326,Thanjavur,"MVK Hospital, Thanjavur",30,4,26,20,1,18,3,0,0,10,0,10,2,0,2,2021-04-18 06:03:57,patients all are stable.
327,Thanjavur,Vinodhagan Memorial Hospital,45,20,25,15,8,7,25,12,13,5,0,5,2,0,2,2021-04-18 08:38:17,Updated 18.04.2021
328,Coimbatore,"Chennai Hospitals Pvt Ltd, Gandhipuram",37,0,37,37,0,37,0,0,0,7,0,7,0,0,0,2020-12-10 09:08:46,Report Submitted 10.12.2020
329,Coimbatore,"CSR Nursing Home, Gandhipuram",28,25,3,14,11,3,14,14,0,1,0,1,1,0,1,2021-04-18 10:34:24,CSR COVID CARE CENTER
330,Coimbatore,"Dr.Muthus Hospital, Saravanampatti",100,49,51,20,0,20,80,49,31,20,9,111,15,7,8,2021-04-18 17:43:48,18.04.2021
331,Coimbatore,"FIMS Hospital, Sundarapuram",30,28,2,30,28,2,0,0,0,4,3,1,3,0,3,2021-04-18 09:48:42,25 with O2 3 in ICU
332,Coimbatore,"K.Govindhasamy Memorial Annex Hospital, Saravanampatti",110,88,22,110,88,22,0,0,0,3,0,3,3,0,3,2021-04-18 10:17:34,KG Hospital Saravanampatti
333,Coimbatore,"Kalpana Medical Centre Pvt Ltd, Kavundampalayam",40,17,23,40,17,23,0,0,0,2,0,2,2,0,2,2021-04-18 07:49:38,18. 04. 2021 Updated
334,Coimbatore,"Kumaran Medical Centre, Kurumbapalayam",40,40,0,15,15,0,20,20,0,5,5,0,4,3,1,2021-04-18 05:08:52,18.4.2021
335,Coimbatore,"NG Hospital Pvt Ltd & Research Centre, Singanallur",53,45,8,53,45,8,0,0,0,3,0,3,2,0,2,2021-04-18 09:44:09,
336,Coimbatore,"Sathya Medical Centre and Hospital, Sivanandha Colony",40,12,28,20,5,15,20,7,13,5,0,5,4,0,4,2021-04-18 09:52:52,18.04.2021
337,Salem,Aishwaryam Speciality Hospital,43,0,43,43,0,43,43,0,0,3,0,3,2,0,2,2021-04-16 12:21:22,Nil
338,Salem,"Deepam Speciality Hospital, Vazhapady",60,0,60,60,0,60,0,0,0,12,0,12,3,0,3,2021-04-16 12:23:01,Nil
339,Salem,"GL Hospital, Swarnapuri",30,10,20,30,2,28,30,0,0,6,1,5,2,0,2,2021-04-16 12:23:44,Nil
340,Salem,Mohanraj Children\'s Hospital,70,0,70,70,0,70,0,0,0,10,3,7,0,0,0,2021-04-18 10:26:51,Nil case
341,Salem,"Nathan Super Speciaty Hosptial, Salem",40,1,39,36,1,35,4,0,4,4,0,4,1,0,1,2021-04-16 12:25:49,Nil
342,Salem,"Sri Shellapha Hospital, Salem",70,7,63,40,7,33,35,0,35,3,0,3,6,0,6,2021-04-17 09:09:44,Sent on 17.04.2021 at 09:00AM
343,Salem,Thiru Neuro And MultiSpecility Salem,45,13,32,40,2,38,5,0,5,10,0,10,2,0,2,2021-04-16 12:25:12,Nil
344,Erode,"Erode multispeciality Hospital, Erode",25,25,0,2,0,0,20,25,0,3,0,0,0,0,0,2021-04-18 10:26:15,Nill
345,Madurai,"Vetri Siddha Hospital, Thaniciyam (Siddha)",60,0,60,4,0,4,56,0,56,0,0,0,0,0,0,2021-04-17 10:49:48,updated 17.04.2021
346,Karur,"Abishek Hospital, Karur Tn.",15,0,15,5,0,5,10,0,10,6,0,6,1,0,1,2021-04-18 08:02:57,18-04-2021
347,Namakkal,"Shree Akhshaya Hospital Namakkal, TN.",40,12,28,25,12,13,0,0,0,8,4,4,4,3,0,2021-04-18 06:44:54,Report submitted on 18. 04.2021
348,Namakkal,"Soorya Multispechiality Hospitals, Namakkal TN.",30,3,27,28,3,25,0,0,0,2,0,2,0,0,0,2021-04-17 18:04:50,REPORT SUBMITTED ON 18.04.2021
349,Karur,"GC Hospital, Karur Tn.",15,1,14,8,1,7,7,0,7,0,0,0,5,0,5,2021-04-18 06:53:14,1804.2021
350,Chennai,"Vivekananda Hospital,mylapore",25,22,3,25,22,3,15,0,0,8,6,2,2,0,2,2021-04-18 11:55:58,18-04-21
351,Chengalpattu,"DAISY HOSPITAL,CHROMPET",14,14,0,14,14,0,0,0,0,3,0,3,2,0,2,2021-04-18 07:39:36,18/04/2021
352,Chengalpattu,AAYUSHMAAN HOLISTIC HEALTH CENTRE,30,27,3,5,3,2,25,25,0,0,0,0,0,0,0,2021-04-18 10:37:43,18.03-2021
353,Kanyakumari,"Catherinebooth hospital,Nagercoil",44,6,38,21,0,21,17,0,11,6,0,6,1,0,1,2021-04-18 07:12:09,
354,Tenkasi,"Mathura Hospital, Surandai",0,0,0,0,0,0,0,0,0,0,0,0,0,0,0,2021-04-18 12:53:14,
355,Chennai,"K.M Speciality Hospital, K.K Nagar",15,22,0,15,22,0,16,15,0,0,0,0,0,0,0,2021-04-18 11:38:36,(18/4/2021)
356,Tiruvallur,SKS HOSPITAL,15,12,3,15,12,3,0,0,0,3,0,3,3,0,3,2021-04-18 09:12:42,18.04.2021
357,Thiruvarur,"P.K.T Nursing Home, Thiruthuraipoondi",15,0,15,15,0,15,0,0,0,4,0,4,0,0,0,2021-04-18 06:24:17,updated 18.04.2021
358,Dindigul,Vadamalayan Hospital,37,15,22,32,15,17,0,0,0,5,1,4,5,0,5,2021-04-18 07:24:42,updated 18-04-2021
359,Chennai,"MOHAN NURSING HOME, VILLIVAKKAM",8,0,8,4,0,4,4,0,4,0,0,0,0,0,0,2021-04-18 11:09:33,18:04:2021
360,Chennai,"Best Hospitals,Kodambakkam",30,28,2,15,4,11,0,0,0,15,3,12,2,0,2,2021-04-18 16:45:43,18.04.2021
361,Thiruvarur,"Raj Hospital, Mannargudi",15,6,9,15,1,14,0,0,0,0,0,0,0,0,0,2021-04-18 10:50:02,18.04.2021
362,Chengalpattu,"Kasthuri Hospital , Thambaram",29,29,0,26,26,0,0,0,0,3,3,0,3,0,3,2021-04-18 10:55:20,18-04-2021
363,Chennai,"Sri Singhvi Health Centre, Purasaivakkam",20,19,1,15,11,4,5,2,3,0,0,0,0,0,0,2021-04-18 07:02:15,18.04.2021
364,Namakkal,Visaalam Hospital,20,11,9,7,7,0,13,4,9,5,0,5,1,0,1,2021-04-18 07:23:18,Report Submitted on 18. 04.2021
365,Krishnagiri,"Gunam super speciality hospital,Hosur",50,32,18,0,4,0,0,0,0,0,0,0,0,0,0,2021-04-17 10:04:55,Nil
366,Salem,Sree jeyam ortho & multispeciality Hospital,6,3,0,0,0,0,0,0,0,0,0,0,0,0,0,2021-04-16 10:19:11,Nil
367,Krishnagiri,St.Louis Hospital,40,3,37,40,3,37,0,0,0,0,0,0,0,0,0,2020-12-07 08:53:49,Nil
368,Vellore,Naruvi Hospitals(A Unit of m/s.Sanco ),142,115,27,117,91,26,0,0,0,25,24,1,25,9,16,2021-04-18 09:16:38,updated on 18/04/2021
369,Krishnagiri,Nathanâ€™s Speciality Hospital,30,0,30,20,7,13,10,3,7,0,0,0,1,0,1,2021-04-15 10:03:15,NIL nil. NIL
370,Chennai,"Sudha Hospital, Royapuram",8,8,0,4,4,0,2,2,0,2,2,0,1,0,1,2021-04-18 09:27:52,18/04/2021
371,Tirunelveli,Peace Health Centre,8,8,0,14,14,0,0,0,0,6,6,0,1,0,1,2021-04-17 00:53:45,
372,Chennai,Jolen Hospital,15,14,1,12,0,12,0,0,0,5,4,1,0,0,0,2021-04-18 09:14:39,
373,Chennai,Sen Hospital,25,10,15,25,10,15,0,0,0,6,6,0,2,0,0,2021-04-17 12:35:27,
374,Chennai,"st. Isabels hospital, Maylapore",23,18,5,23,9,14,23,0,0,8,5,3,2,2,0,2021-04-18 15:49:53,Positive cases- 18
375,Chennai,"Sri Balaji Hospital, guindy",6,5,1,4,2,1,2,0,1,4,0,0,0,0,0,2021-04-13 15:10:02,Daily Data Base
376,Chennai,"Radha Rajendran Hospital, Alandur",12,12,0,12,0,0,0,12,0,0,0,0,0,0,0,2021-04-16 12:36:06,
377,Chennai,"One health hospital, Vandalur",15,14,1,10,6,5,6,6,3,5,5,0,4,0,0,2021-04-17 17:35:15,
378,Chennai,"Srinivasa Hospital, Kodampakkam",54,26,28,31,16,15,13,0,13,10,9,1,2,1,1,2021-04-12 18:20:54,
379,Kanyakumari,"PPK hospital, Marthandam",29,3,26,25,3,22,4,0,0,7,0,0,3,0,0,2021-04-18 07:12:32,.
380,Salem,RK hospital,12,4,8,10,0,10,3,0,3,2,0,2,2,0,2,2021-04-17 11:19:14,Here with Updating our Hospital bed details
381,Karur,Nachimuthu hospital,10,1,9,6,1,5,0,0,0,3,0,3,1,0,1,2021-04-18 07:38:12,18.04.2021
382,Virudhunagar,Amar hospital,27,10,17,27,2,25,0,0,0,5,0,5,2,0,2,2021-04-18 07:04:16,18/04/2021 07.03Am
383,Krishnagiri,"Uma Kumar Hospital, Hosur",0,0,0,0,0,0,0,0,0,0,0,0,0,0,0,2021-04-15 12:57:13,
384,Tirunelveli,VJ Hospital,13,8,5,10,5,5,3,3,0,5,0,5,5,0,5,2021-04-17 14:00:21,8 Active cases
385,Thiruchirappalli,Atlas Hospital,20,2,13,12,2,10,2,0,2,6,0,6,1,0,1,2021-04-18 10:27:50,"COVID-19-2 Sari, Ili & Ct Chest Positive -5"
386,Tiruppur,Velan Hospital,30,12,18,18,0,10,0,0,0,8,4,4,3,0,0,2021-04-18 07:05:39,
387,Dindigul,"Sakthi Vinayagar Multispeciality Hospital, Guziliamparai",28,4,24,14,2,12,5,2,2,10,2,8,5,2,3,2021-04-18 08:24:51,18.04.2021
388,Chennai,Be well hospital T.Nagar,0,0,0,0,0,0,0,0,0,0,0,0,0,0,0,2021-04-17 23:32:46,
389,Chennai,Vijai\'s Nursing home,0,0,0,0,0,0,0,0,0,0,0,0,0,0,0,2021-04-18 16:02:08,
390,Chennai,Prime Indian Hospitals,0,0,0,0,0,0,0,0,0,0,0,0,0,0,0,2021-04-17 23:37:07,
391,Thanjavur,Dravidian Hospital,0,0,0,0,0,0,0,0,0,0,0,0,0,0,0,2021-04-17 23:38:33,
392,Coimbatore,Gem Hospital and Research centre,0,0,0,0,0,0,0,0,0,0,0,0,0,0,0,2021-04-17 23:39:12,
393,Coimbatore,"N.M. Hospital, Annur",26,14,12,20,14,6,0,0,0,6,0,6,2,0,2,2021-04-18 13:13:02,
394,Namakkal,Swamy Vivekanandha Medical College Hospital and Research Institute,0,0,0,0,0,0,0,0,0,0,0,0,0,0,0,2021-04-17 23:47:22,
395,Tiruvallur,"Be well , Ponamallee",18,11,7,0,0,0,0,0,0,0,0,0,0,0,0,2021-04-18 13:59:13,
396,Thanjavur,National pharma,0,0,0,0,0,0,0,0,0,0,0,0,0,0,0,2021-04-18 13:06:27,
