S.NO,District,Institution,COVID BEDS Total,COVID BEDS Occupied,COVID BEDS Vacant,OXYGEN SUPPORTED BEDS Total,OXYGEN SUPPORTED BEDS Occupied,OXYGEN SUPPORTED BEDS Vacant,NON-OXYGEN SUPPORTED BEDS Total,NON-OXYGEN SUPPORTED BEDS Occupied,NON-OXYGEN SUPPORTED BEDS Vacant,ICU BEDS Total,ICU BEDS Occupied,ICU BEDS Vacant,VENTILATOR Total,VENTILATOR Occupied,VENTILATOR Vacant,Last updated,Contact Number,Remarks
1,Ariyalur,A.S Hospital,30,29,1,8,8,0,12,12,0,10,9,1,2,2,0,2021-05-12 09:36:55,0.0,12.05.2021
2,Ariyalur,Golden Hospital,31,30,1,23,23,0,3,2,1,5,5,0,5,5,0,2021-05-12 10:10:19,9487576493.0,Report 12/05/2021.
3,Chengalpattu,Annai Arul Hospital,40,40,0,30,30,0,5,5,0,5,5,0,3,3,0,2021-05-12 10:35:13,4471700700.0,12.05.2021
4,Chengalpattu,Chennai Emergency care Centre Pammal,16,16,0,11,11,0,4,4,0,1,1,0,1,1,0,2021-05-12 09:24:04,7358244662.0,12.05.2021
5,Chengalpattu,Dr. Rela Institute,160,160,0,130,130,0,0,0,0,30,30,0,10,10,0,2021-05-12 08:36:26,9600130888.0,12-05-21
6,Chengalpattu,"Sudar Hospitals, Hasthinapuram",41,41,0,32,32,0,0,0,0,9,9,0,6,6,0,2021-05-24 19:04:22,9710446115.0,24/05/2021
7,Chengalpattu,"Sugam Hospital, Chromepet",45,7,38,23,5,18,12,0,12,10,2,8,10,2,8,2021-08-11 07:29:36,8585858550.0,11-8-2021 7 AM update
8,Chengalpattu,"Deepam Hospitals, West Tambaram",10,1,9,4,0,4,3,1,2,3,0,3,1,0,1,2021-09-11 10:10:39,8300017171.0,11/09/2021 @ 10 am
9,Chennai,"Apollo Hospital, Greams Road",303,303,0,177,177,0,15,15,0,111,111,0,111,111,0,2021-05-15 11:12:42,7397242423.0,15.05.2021
10,Chennai,"Apollo Hospitals, Vanagaram",116,7,109,101,6,95,0,0,0,15,1,14,7,0,7,2021-11-25 07:26:45,7824821042.0,25.11.2021
11,Chennai,Appasamy Hospital,57,0,57,48,0,48,0,0,0,9,0,9,2,0,2,2021-07-22 17:08:39,6379350953.0,June 22nd@ 5:00 PM
12,Chennai,"ArunVijaya Hospitals, KK Nagar",21,21,0,6,6,0,9,9,0,6,6,0,2,2,0,2021-05-12 08:13:51,6380760063.0,12.05.2021
13,Chennai,Astra Ortho N Spine Care Hospital,20,14,6,14,10,4,2,0,2,4,4,0,1,1,0,2021-05-27 11:19:08,9677311333.0,27.05.2021
14,Chennai,Aysha Hospital,30,30,0,6,6,0,17,17,0,7,7,0,0,0,0,2021-05-12 10:19:51,7824030941.0,
15,Chennai,Be Well Hospital Anna nagar,25,25,0,2,2,0,20,20,0,3,3,0,2,2,0,2021-05-12 08:04:40,9500032230.0,Updated status on 12.05.2021 @ 08.05am
16,Chennai,Bhaarath medical college and hospital,160,160,0,50,50,0,50,50,0,60,60,0,7,7,0,2021-05-12 18:46:20,446111222.0,12-05-2021
17,Chennai,Bharathiraja Hospital & Research Centre Pvt Ltd,85,85,0,70,70,0,5,5,0,10,10,0,2,2,0,2021-05-24 08:06:41,9444170203.0,24.05.2021
18,Chennai,"Billroth Hospitals Shenoy Nagar, Chennai TN.",175,175,0,130,130,0,25,25,0,20,20,0,2,2,0,2021-05-12 19:53:28,4442921777.0,
19,Chennai,"Bloom Fertility and Healthcare, Velachery",0,0,0,0,0,0,0,0,0,0,0,0,0,0,0,2021-08-04 10:07:39,9551841153.0,today report
20,Chennai,C.s.i Rainy Multi Speciality Hospital Tondaiarpet,12,12,0,10,10,0,0,0,0,2,2,0,1,1,0,2021-05-12 08:51:12,9941415544.0,12.05.2021 updated
21,Chennai,Chennai Orthopedic Centre -ER,24,24,0,24,24,0,0,0,0,0,0,0,0,0,0,2021-05-12 08:05:16,9790082003.0,updated 01 12/05/2021
22,Chennai,Chettinad Hospital,525,525,0,345,345,0,140,140,0,40,40,0,10,10,0,2021-05-12 14:50:25,9094713000.0,
23,Chennai,CSI Kalyani General Hospital,110,3,107,50,3,47,50,0,50,10,0,10,3,1,2,2021-08-10 09:24:58,8667243945.0,10/08/2021
24,Chennai,Dr.Kamakshi Memorial Hospital,25,7,18,20,7,13,0,0,0,5,0,5,1,0,1,2021-10-09 10:43:37,7299693649.0,9/10/2021
25,Chennai,Fortis Malar Hospital,62,62,0,47,47,0,0,0,0,15,15,0,15,15,0,2021-05-17 10:07:59,9962000500.0,17-05-2021
26,Chennai,Frontier Lifeline Hospital,0,0,0,0,0,0,0,0,0,0,0,0,0,0,0,2021-05-09 08:57:03,9790745924.0,"C PAP - NIL CASES, BPAP - NIL CASES, Update"
27,Chennai,Girishwari Hospital Alwarpet,47,47,0,43,43,0,0,0,0,4,4,0,0,0,0,2021-05-12 09:47:59,9677059215.0,12-05-2021
28,Chennai,GKM Hospital Pvt Ltd,50,50,0,35,35,0,4,4,0,11,11,0,4,4,0,2021-05-11 22:52:08,8220894051.0,11/05/2021
29,Chennai,GLB Hospital,0,0,0,0,0,0,0,0,0,0,0,0,0,0,0,2021-06-21 09:52:41,9176911860.0,21.06.2021
30,Chennai,Gleneagles Global Health City,99,99,0,38,38,0,19,19,0,42,42,0,10,10,0,2021-05-11 11:19:07,8056266444.0,12.05.21
31,Chennai,Gunasekaran Hospitals Pvt Ltd,22,22,0,0,0,0,18,18,0,4,4,0,1,1,0,2021-05-12 09:30:29,8939414061.0,12.05.2021 Morning Report
32,Chennai,Hycare Super Speciality Hospital,77,67,10,35,35,0,37,27,10,5,5,0,3,2,1,2021-05-12 16:15:18,9384060780.0,12/05/2021
33,Chennai,"K.P Hospital, Adambakkam",18,12,6,12,12,0,6,0,6,0,0,0,0,0,0,2021-05-19 10:13:50,9952029234.0,no data changes
34,Chennai,Kanchi Kamakoti Child Trust Hospital,17,17,0,12,12,0,0,0,0,5,5,0,2,1,1,2021-05-13 09:23:57,9677003334.0,13/05/2021. Only Children\'s admission allowed. Age Limit Less Than 18 Yrs
35,Chennai,Karpaga Vinayaga Medical Science & Ri,285,141,144,70,70,0,211,67,144,4,4,0,4,4,0,2021-05-12 17:31:46,4471565100.0,
36,Chennai,Kauvery Hospital,100,100,0,40,40,0,40,40,0,20,20,0,10,10,0,2021-05-20 09:51:38,7825809004.0,20/05/2021
37,Chennai,Kumaran Hospital Pvt ltd,75,75,0,62,62,0,0,0,0,13,13,0,6,6,0,2021-05-12 09:25:41,9791144090.0,12/05/2021
38,Chennai,"KVT Speciality Hospital, Erukanchery",24,24,0,16,16,0,0,0,0,8,8,0,1,0,1,2021-05-17 09:49:06,7358330026.0,17.05.2021
39,Chennai,Laksha Hospital Royapettah,48,48,0,14,14,0,25,25,0,9,9,0,2,2,0,2021-05-28 09:47:34,9500054797.0,28.5.2021
40,Chennai,Life Care Hospital,25,25,0,15,15,0,5,5,0,5,5,0,2,2,0,2021-05-21 18:52:39,8939396762.0,21.5.2021
41,Chennai,Lifeline Hospitals,50,50,0,15,15,0,25,25,0,10,10,0,2,2,0,2021-05-31 10:48:01,9500073959.0,31.05.2021
42,Chennai,M G M Health Care Pvt Ltd,110,110,0,0,0,0,88,88,0,22,22,0,22,22,0,2021-05-12 11:09:08,9384002406.0,12-05-2021
43,Chennai,M.R Hospital,15,14,1,13,12,1,0,0,0,2,2,0,2,2,0,2021-05-12 10:25:40,7358582427.0,12.05.2021
44,Chennai,Maya Nursing Home,40,40,0,15,15,0,20,20,0,5,5,0,4,4,0,2021-05-24 08:33:34,9841383989.0,SAME
45,Chennai,Medway Hospital,0,0,0,0,0,0,0,0,0,0,0,0,0,0,0,2021-05-12 13:43:09,7299057830.0,12-05-2021
46,Kancheepuram,Meenakshi Medical College,110,90,20,45,45,0,59,39,20,6,6,0,4,4,0,2021-05-12 13:07:01,6380607107.0,Update 12.05.21
47,Chennai,Melmaruvathur Aadhiparasakthi Medical College,375,363,12,125,125,0,150,138,12,100,100,0,32,32,0,2021-05-25 07:02:54,7904683997.0,25.05.2021 7 AM
48,Chennai,Mint Hospital,30,30,0,22,22,0,4,4,0,4,4,0,2,2,0,2021-05-15 09:21:45,7338777444.0,15.05.2021
49,Chennai,Miot Hospital,300,277,23,70,70,0,197,174,23,33,33,0,10,10,0,2021-05-14 09:19:59,7824060120.0,COVID EMERGENCY CALL 105710 DIRECT FROM MOBILE
50,Chennai,MMRV Hospital,50,50,0,20,20,0,0,0,0,30,30,0,4,4,0,2021-05-12 07:35:19,9884926283.0,12/05/2021
51,Chennai,Muthu hospital,55,55,0,25,25,0,20,20,0,10,10,0,2,0,2,2021-05-13 09:42:58,9445330478.0,13.05.2021
52,Chennai,National Hospital,100,100,0,90,90,0,0,0,0,10,10,0,4,4,0,2021-05-12 07:37:22,9381166707.0,12-05-2021
53,Chennai,"New Hope Multi Speciality Hospital, Kilpauk",20,20,0,20,20,0,0,0,0,0,0,0,0,0,0,2021-05-09 07:07:00,9092967547.0,
54,Chennai,"Medway Hospital,Mugappair",30,30,0,26,26,0,0,0,0,4,4,0,2,2,0,2021-05-12 13:42:44,6374577148.0,12-05-2021
55,Chennai,New Lifemed Hospital,45,45,0,15,15,0,26,26,0,4,4,0,1,1,0,2021-05-15 09:33:06,9840021112.0,15/5/2021
56,Chennai,Noble Hospital,70,70,0,40,40,0,20,20,0,10,10,0,2,2,0,2021-05-20 08:59:43,9445330478.0,
57,Chennai,Orthomed Hospital,70,70,0,55,55,0,0,0,0,15,15,0,3,3,0,2021-05-12 09:24:30,9940099992.0,Mythily
58,Chennai,Padmini Nursing Home Chetpet,40,40,0,15,15,0,20,20,0,5,5,0,1,1,0,2021-05-18 08:47:11,9791023518.0,Updated
59,Chennai,Panimalar Medical College & Hospital,110,110,0,40,40,0,60,60,0,10,10,0,3,3,0,2021-05-12 09:50:55,8610850481.0,.
60,Chennai,Prashanth Hospital,120,120,0,95,95,0,0,0,0,25,25,0,10,10,0,2021-05-12 16:46:39,9840338752.0,12/05/2021 @ 4:00 pm
61,Chennai,"Rama Rau Polyclinc, Kilpauk",19,19,0,19,19,0,0,0,0,0,0,0,0,0,0,2021-05-07 07:04:29,9092967547.0,Extra beds 6 beds Occupied
62,Chennai,"Retteri Sri Kumaran Health Centre (P) Ltd, Kolathur",30,30,0,30,30,0,0,0,0,0,0,0,2,2,0,2021-06-08 16:49:37,9003956999.0,08.06.2021
63,Chennai,RPS hospital pvt ltd,40,40,0,28,28,0,10,10,0,2,2,0,2,2,0,2021-05-11 10:11:21,7358764200.0,11/05/21
64,Chennai,"Sai Speed Hospital, Arumbakkam",11,11,0,9,9,0,0,0,0,2,2,0,2,2,0,2021-05-15 17:07:49,8610850006.0,Updated as on 15/5/2021
65,Chennai,Sakthi Hospital Research Centre Triplicane,80,75,5,26,26,0,46,41,5,8,8,0,2,2,0,2021-05-12 10:05:54,9840264444.0,12.05.2021
66,Chennai,Saveetha Medical College,500,487,13,250,250,0,200,187,13,50,50,0,30,30,0,2021-05-12 09:36:52,4466726672.0,12.05.2021
67,Chennai,SIMS Hospital Vadapalani,332,332,0,140,140,0,160,160,0,32,32,0,20,20,0,2021-05-12 11:56:19,7397783719.0,12.05.2021
68,Chennai,"Sivam Hospitals, Ullagaram",25,13,12,10,5,5,10,5,5,5,3,2,3,3,0,2021-05-25 14:25:03,9787859841.0,25.05.2021
69,Chennai,Sooriya Hospital,75,75,0,63,63,0,0,0,0,12,12,0,5,5,0,2021-05-12 09:38:26,9500085477.0,Status as on 12.05.21. No bed available.All beds fulled.
70,Chennai,Sree Balaji Medical College & Hospital,200,183,17,70,70,0,115,98,17,15,15,0,15,15,0,2021-05-19 09:39:10,4442911000.0,
71,Chennai,Sree Lakshmi Clinic and Maternity Centre,18,18,0,14,14,0,0,0,0,4,4,0,2,0,2,2021-05-12 12:16:24,9952900795.0,12/05/2021
72,Chennai,"Sri Ramachandra Medical College Hospital, Porur",300,21,279,260,17,243,30,0,30,10,4,6,5,5,0,2021-07-17 08:40:08,8939433555.0,
73,Chennai,Sri Sathya Sai Medical College & Research Institue,345,29,316,19,19,0,316,0,316,10,10,0,10,10,0,2021-05-14 14:51:49,4427440700.0,14.5.2021 Acute O2 shortage. Getting O2 in once in 18 hrs where as the requirement is once in 8 hrs. So we are not able to function the full capacity
74,Chennai,Srinivas Priya Hospital Perambur,18,1,17,14,1,13,0,0,0,4,0,4,1,0,1,2021-06-18 10:27:52,7550057577.0,18.06.2021
75,Chennai,Srinivasan Rajalakshmi Memorial Hospital,36,36,0,28,28,0,2,2,0,6,6,0,1,1,0,2021-05-23 07:48:58,9444896010.0,23.05.2021 - 07.50 am
76,Chennai,Srm Medical College & Hospital,381,214,167,150,139,11,211,55,156,20,20,0,7,7,0,2021-05-13 09:36:21,8056072277.0,SRM MCH & RC
77,Chennai,St. Thomas Hospital,77,77,0,15,15,0,52,52,0,10,10,0,6,6,0,2021-05-12 15:54:59,8126948524.0,12.5.2021
78,Chennai,Sundaram Medical Foundation,24,24,0,19,19,0,0,0,0,5,5,0,5,5,0,2021-05-13 08:59:15,9884245646.0,
79,Chennai,Tagore Medical College & Hospital,410,0,410,45,0,45,349,0,349,16,0,16,7,0,7,2021-08-10 09:17:57,4430101111.0,10/08/2021 9.22 AM
80,Chennai,"The Guest Hospital, Kilpauk",15,4,11,6,2,4,5,0,5,4,2,2,2,2,0,2021-08-23 17:03:41,8903573717.0,
81,Chennai,Tosh Hospitals Pvt Ltd,30,30,0,26,26,0,4,4,0,0,0,0,0,0,0,2021-05-12 08:49:42,9894467903.0,12-05-2021
82,Chennai,Trinity Acute care Hospital,24,24,0,20,20,0,0,0,0,4,4,0,4,4,0,2021-05-12 12:48:33,8056621324.0,12/05/2021
83,Chennai,"Vasantha Subramanian Hospitals Pvt Ltd, Chetpet",49,49,0,33,33,0,10,10,0,6,6,0,6,6,0,2021-05-19 13:47:39,9884875111.0,19/05/2021 @ 1PM
84,Chennai,Venkateswara Hospital,120,120,0,100,100,0,0,0,0,20,20,0,10,10,0,2021-05-12 20:15:58,9841275552.0,12.05.2021 at 4 pm
85,Chennai,"Vhs, Adayar",70,70,0,46,46,0,0,0,0,24,24,0,11,11,0,2021-05-15 13:44:10,4422542971.0,15/05/2021
86,Chennai,Vihaa Hospital Anna Nagar,24,24,0,24,24,0,0,0,0,0,0,0,0,0,0,2021-05-14 07:48:33,9841432348.0,14/05/2021. 7.45 am
87,Chennai,Vijaya Group Of Hospital,151,151,0,140,140,0,0,0,0,11,11,0,6,6,0,2021-05-12 09:38:48,9500126786.0,12/05/2021
88,Chennai,Sims (Srm Institutes For Medical Science Hospital) Nungumbakkam,75,75,0,67,67,0,0,0,0,8,8,0,6,6,0,2021-05-11 10:31:18,7339355444.0,11.05.2021
89,Chennai,"KMS Health Centre Pvt Ltd,Selaiyur",30,30,0,27,27,0,0,0,0,3,3,0,0,0,0,2021-05-21 10:22:05,7200462325.0,21.05.2020
90,Chennai,Nichani Hospital,0,0,0,0,0,0,0,0,0,0,0,0,0,0,0,2021-05-12 16:12:31,9840566854.0,12/05/2021 - 4pm
91,Chennai,Dr.Metha hospital Chetpet,62,62,0,56,56,0,0,0,0,6,6,0,2,2,0,2021-05-12 09:07:11,7305026464.0,12/05/2021
92,Coimbatore,G. Kuppusamy Naidu Hospital,261,153,108,140,140,0,108,0,108,13,13,0,1,1,0,2021-05-12 16:05:10,8220037466.0,GKNM Cbe 12.05.2021
93,Coimbatore,"Hindusthan Hospital, Udaiyampalayam",70,55,15,46,46,0,20,5,15,4,4,0,0,0,0,2021-05-12 09:57:16,9361694437.0,
94,Coimbatore,Karpagam Faculty Medical College And Hospital,325,0,325,40,0,40,275,0,275,10,0,10,10,0,10,2021-08-10 09:01:15,9566760490.0,0 occupied
95,Coimbatore,KG Hospital,127,127,0,102,102,0,0,0,0,25,25,0,25,25,0,2021-05-12 10:27:23,4222212121.0,
96,Coimbatore,Kongunad Hospital,295,79,216,165,59,106,100,5,95,30,15,15,20,10,10,2021-07-07 10:33:22,7094316000.0,
97,Coimbatore,Kovai Medical College Hospital,502,502,0,212,212,0,245,245,0,45,45,0,28,28,0,2021-05-20 17:44:34,9600400451.0,
98,Coimbatore,One Care Medical Centre,58,58,0,41,41,0,0,0,0,17,17,0,4,4,0,2021-05-15 08:28:40,9894955990.0,"15-3-21 Every 24 hours we need 1 KL liquid gas requirement, TODAY STOCK WILL. NEED FILLING BY 7.00 PM"
99,Coimbatore,"PSG Institute Of Medical Sciences and Research, Coimbatore",470,470,0,180,180,0,245,245,0,45,45,0,25,25,0,2021-06-05 11:03:24,9894798896.0,5th JUNE
100,Coimbatore,Royal Care Super Speciality Hospital,100,100,0,94,94,0,0,0,0,6,6,0,3,3,0,2021-05-13 07:17:35,7397769343.0,Neelambur unit 13.05.2021
101,Coimbatore,Royal Care Super Speciality Hospital Gandhipuram,4,4,0,4,4,0,0,0,0,0,0,0,0,0,0,2021-05-13 07:18:28,7397769343.0,Gandhipuram unit - 13.05.2021
102,Coimbatore,Sri Ramakrishna Hospital,35,31,4,15,15,0,15,11,4,5,5,0,6,6,0,2021-08-21 16:48:51,9384084606.0,21.08.21
103,Coimbatore,"KMCH Kovilampalayam Hospital, Sathy Road",50,50,0,50,50,0,0,0,0,0,0,0,0,0,0,2021-05-12 10:03:14,8754187551.0,
104,Cuddalore,"NLCIL Hospital,Neyveli",226,211,15,92,92,0,114,99,15,20,20,0,2,2,0,2021-05-14 09:09:25,9486456293.0,1.Ventilator beds are in ICU for Emergency sick patients 2.In ICU WE HAVE Non-invasive ventilation & NRM Ventilation only
105,Dindigul,Christian Fellow Community Centre,74,24,50,7,7,0,67,17,50,0,0,0,0,0,0,2021-05-22 16:00:43,7598001644.0,
106,Dindigul,Christian Fellowship Hospital,88,88,0,0,0,0,88,88,0,0,0,0,0,0,0,2021-05-27 08:26:42,8903002554.0,20.05.21
107,Dindigul,Leonard Hospital,100,17,83,10,7,3,90,10,80,0,0,0,0,0,0,2021-06-19 12:54:45,8754680378.0,19.06.2021
108,Dindigul,St.Joseph Hospital,100,60,40,5,5,0,95,55,40,0,0,0,1,0,1,2021-05-13 17:06:10,9842044447.0,12.05.2021
109,Dindigul,Vel Multispeciality Hospital,50,5,45,20,0,20,20,4,16,10,1,9,4,0,4,2021-08-06 12:32:17,9942466002.0,
110,Erode,Erode Medical Centre,60,60,0,31,31,0,25,25,0,4,4,0,2,0,2,2021-05-12 17:09:21,7373097188.0,
111,Erode,Maaruthi Medical Centre And Hospital,10,0,10,4,0,4,3,0,3,3,0,3,1,0,1,2021-05-12 18:06:59,8525861540.0,nilL
112,Erode,Sudha Hospital,200,200,0,100,100,0,80,80,0,20,20,0,12,12,0,2021-05-12 16:47:05,9095662211.0,nil
113,Kallakurichi,Annai Medical Centre,25,25,0,19,19,0,4,4,0,2,2,0,4,0,4,2021-05-12 08:37:04,6385867899.0,25
114,Kallakurichi,E.S. Hospital,0,0,0,0,0,0,0,0,0,0,0,0,0,0,0,2021-05-12 09:49:00,9443147949.0,UPDATED 12.05.2021
115,Kallakurichi,I Med Super Speciality Hospital,0,0,0,0,0,0,0,0,0,0,0,0,0,0,0,2021-05-20 15:10:05,9751344576.0,18
116,Kallakurichi,Lotus Paediatric Emergency Centre,30,19,11,10,10,0,15,4,11,5,5,0,0,0,0,2021-05-12 09:34:42,9677605096.0,Lotus hospital. 04.05.2021...
117,Kallakurichi,Maragadam Hospital,0,0,0,0,0,0,0,0,0,0,0,0,0,0,0,2021-05-12 09:49:42,9443234056.0,12.5.21
118,Kallakurichi,S A Hospital,0,0,0,0,0,0,0,0,0,0,0,0,0,0,0,2021-05-12 08:32:42,9600523290.0,given non-willing to admit covid patient under circumstances.
119,Kallakurichi,Sri Sanjeevi Hospital,86,86,0,58,58,0,13,13,0,15,15,0,9,9,0,2021-05-12 09:00:21,9750999352.0,Updated..09.05.2021
120,Kancheepuram,Bon Secuors Hospital,30,15,15,5,5,0,25,10,15,0,0,0,0,0,0,2021-05-12 08:57:17,9943271810.0,Updated 11-05-2021
121,Kancheepuram,Chennai Urology & Robotics Institute Hospital Thoraippakkam,12,2,10,10,2,8,0,0,0,2,0,2,2,2,0,2021-06-23 11:29:30,9894791989.0,23.06.2021
122,Kancheepuram,Madha Medical College&Research Institute,200,2,198,30,0,30,150,1,149,20,1,19,2,0,2,2021-08-04 10:22:43,8870209559.0,
123,Kancheepuram,Sri Muthukumaran Medical College,314,6,308,0,0,0,314,6,308,0,0,0,6,0,6,2021-05-20 08:57:44,9600002646.0,DUE TO LEAKAGE OF CENTRAL OXYGEN LINE OUR HOSPITAL STOPPED ADMITTING PATIENT WITH O2 SATURATION BELOW 95%
124,Kancheepuram,Apollo Medical Centre Karapakkam,0,0,0,0,0,0,0,0,0,0,0,0,0,0,0,2021-06-13 12:11:57,9551288366.0,Updated 13.06.2021
125,Kanyakumari,Bensam Hospital,65,65,0,44,44,0,20,20,0,1,1,0,1,0,1,2021-05-12 15:04:44,9994224606.0,.
126,Kanyakumari,C.S.I.MISSION HOSPITAL,113,37,76,40,0,40,68,34,34,5,3,2,3,3,0,2021-05-12 15:06:32,8903103400.0,
127,Kanyakumari,Dr. Jayasekaran Medical Trust Hospital,120,120,0,62,62,0,38,38,0,20,20,0,6,6,0,2021-05-12 15:12:13,9443992484.0,UPDATED ON 12.05.2021
128,Kanyakumari,Sree Mookambika Institute of Medical Sciences,180,49,131,75,0,75,95,49,46,10,0,10,10,0,10,2021-05-12 16:28:00,8281182955.0,
129,Kanyakumari,Vasantham Health Centre,50,4,46,35,2,33,5,2,3,10,0,10,6,2,4,2021-08-08 13:22:16,9003200684.0,
130,Karur,Amaravathi Hospital,59,59,0,10,10,0,42,42,0,7,7,0,2,2,0,2021-05-12 15:01:04,9585111073.0,12.05.2021 4.00 pm
131,Karur,"Apollo Logo Hospital,Karur",25,25,0,12,12,0,11,11,0,2,2,0,2,2,0,2021-05-26 10:21:44,9965579211.0,12.05.2021 (4:00 PM)
132,Krishnagiri,Chandrasekara Hospital,50,8,42,44,6,38,1,0,1,5,2,3,0,0,0,2021-07-19 10:51:44,9655206585.0,50
133,Krishnagiri,"Kauvery Hospital, Hosur",100,100,0,95,95,0,0,0,0,5,5,0,0,0,0,2021-06-19 09:57:26,7402733320.0,Nill
134,Madurai,Apollo Hospital,125,125,0,101,101,0,0,0,0,24,24,0,4,4,0,2021-05-12 16:36:01,4524341187.0,updated...
135,Madurai,Bharathi Hospital,25,25,0,5,5,0,10,10,0,10,10,0,3,3,0,2021-05-12 06:39:18,8015638874.0,12.05.2021 Updated.... 05:00 PM
136,Madurai,Devadoss Multispeciality Hospital,35,2,33,30,0,30,0,0,0,5,2,3,3,0,3,2021-08-10 17:11:44,8072738401.0,Updated
137,Madurai,Guru Multispeciality Hospital,103,92,11,36,36,0,51,40,11,16,16,0,4,4,0,2021-05-12 16:32:26,9944485353.0,Update..
138,Madurai,"Harshini Hospital,Sathamangalam",40,40,0,30,30,0,10,10,0,0,0,0,0,0,0,2021-05-13 06:42:00,9677736322.0,Updated 13.05.2021
139,Madurai,"Harshitha Hospital, Avaniyapuram",75,70,5,55,55,0,10,5,5,10,10,0,2,2,0,2021-05-12 16:25:58,9865015729.0,UPDATED 12.05.2021..
140,Madurai,Lakshmana Multispeciality Hospital,50,46,4,25,25,0,10,6,4,15,15,0,2,2,0,2021-05-12 08:07:12,7373072104.0,Updated 12.05.2021 9AM STATUS
141,Madurai,Meenakshi Mission Hospital and Research Centre,214,193,21,68,68,0,106,85,21,40,40,0,6,6,0,2021-05-12 16:26:47,9524128222.0,nil... nil.......
142,Madurai,Rahavendhar Hospital,50,50,0,12,12,0,29,29,0,9,9,0,2,2,0,2021-05-12 07:24:02,8220044611.0,12.05.2021
143,Madurai,Saravana Hospital,70,70,0,24,24,0,25,25,0,21,21,0,4,4,0,2021-05-12 16:17:51,9894196876.0,BEDS updated
144,Madurai,Shenbagam Hospitals Pvt Ltd.,40,33,7,36,30,6,0,0,0,4,3,1,3,0,3,2021-05-12 08:37:48,9750951115.0,UPDATE ON 12.05.2021....
145,Madurai,"Sumathi Hospital & Fertility Center,Anna Nagar",18,18,0,15,15,0,1,1,0,2,2,0,1,0,1,2021-05-12 08:22:56,7358800889.0,updated on 12/5/2021
146,Madurai,"Thembavani Hospital,Gnanaolipuram",25,25,0,5,5,0,17,17,0,3,3,0,1,1,0,2021-05-12 12:52:34,9047116145.0,12.05.2021.......
147,Madurai,Vadamalayan Hospital,100,12,88,84,3,81,9,2,7,7,7,0,4,4,0,2021-06-25 11:11:51,4522545400.0,Updated 25-06-2021.
148,Madurai,Velammal Medical College Hospital and Research Institute,200,148,52,70,58,12,100,60,40,30,30,0,15,1,14,2021-05-12 09:56:01,8489900800.0,Updated.....
149,Mayiladuthurai,Cahoj Hospital,20,0,20,10,0,10,10,0,10,0,0,0,0,0,0,2021-07-04 10:10:14,9488755241.0,nil
150,Mayiladuthurai,Ram Bone And Joint Hospial,0,0,0,0,0,0,0,0,0,0,0,0,0,0,0,2021-04-21 08:42:15,,Nil
151,Mayiladuthurai,Shanthi Nursing Home,0,0,0,0,0,0,0,0,0,0,0,0,0,0,0,2021-04-21 08:35:16,,Nil
152,Namakkal,Aravinth Hospital,38,33,5,12,12,0,22,17,5,4,4,0,4,4,0,2021-05-18 10:36:55,9443221491.0,Reports submitted for 13.05.2021 time 07.00 am
153,Namakkal,M.M.Hospital,75,75,0,66,66,0,4,4,0,5,5,0,4,4,0,2021-05-14 07:16:46,9585554551.0,M M HOSPITAL REPORT UPDATE FOR 14.05.2021
154,Namakkal,Maharaja Speciality Hospital,35,35,0,26,26,0,5,5,0,4,4,0,2,2,0,2021-05-18 07:01:11,8778642130.0,Report submitted on : 18.05.2021 7.00 AM
155,Namakkal,Thangam Hospital,50,50,0,24,24,0,16,16,0,10,10,0,1,1,0,2021-05-12 17:29:59,9843230685.0,Submitted on 12.05.2021 at 05.30PM
156,Namakkal,Vivekanandha Medical Care Hospital,110,105,5,30,30,0,70,65,5,10,10,0,10,10,0,2021-05-13 07:26:50,9489059104.0,7.25am
157,TheNilgiris,Ashwini Gudalur Tribal Hospital,21,17,4,4,0,4,17,17,0,0,0,0,0,0,0,2021-05-12 15:39:11,9487257321.0,12/05/21
158,TheNilgiris,Nankam Hospital,30,21,9,15,15,0,10,1,9,5,5,0,1,0,1,2021-06-13 09:21:39,9488834087.0,13/6/2021
159,TheNilgiris,Sagayamatha Hospital,16,6,10,2,0,2,14,6,8,0,0,0,0,0,0,2021-07-21 14:34:55,9447276304.0,21/7/21
160,Perambalur,Amma Hospital Thuraimangalam,5,0,5,0,0,0,5,0,5,0,0,0,0,0,0,2021-05-12 08:42:31,7708504141.0,12.05.2021
161,Perambalur,Aruptha Multispeciality Hospital,7,0,7,0,0,0,7,0,7,0,0,0,0,0,0,2021-05-12 12:48:02,9840694249.0,12.05.2021
162,Perambalur,Devi Hospital Elambalur,8,0,8,0,0,0,8,0,8,0,0,0,0,0,0,2021-05-12 12:46:55,9025336754.0,12.05.21
163,Perambalur,Dhanalakshmisrinivasan Medical College And Hospital,375,201,174,90,90,0,255,81,174,30,30,0,10,10,0,2021-05-17 10:02:28,8489923803.0,Nil.
164,Perambalur,Dr. Venkatesan Hospital,0,0,0,0,0,0,0,0,0,0,0,0,0,0,0,2021-05-11 10:08:22,8903424627.0,11.05.21
165,Perambalur,Lakshmi Nursing Home,25,15,10,5,5,0,20,10,10,0,0,0,0,0,0,2021-05-12 08:25:13,7402191296.0,12. 05.2021
166,Perambalur,Madhu Hospital,1,0,1,1,0,1,0,0,0,0,0,0,0,0,0,2021-05-12 10:03:49,9994606103.0,12.05.21
167,Perambalur,Niranjan Nursing Home,0,0,0,0,0,0,0,0,0,0,0,0,0,0,0,2021-05-11 10:09:35,9082485702.0,11.05.2021
168,Perambalur,Pedro Nursing Home,0,0,0,0,0,0,0,0,0,0,0,0,0,0,0,2021-05-11 10:08:02,7339204920.0,11.05.21
169,Perambalur,Ramasamy Hospital,0,0,0,0,0,0,0,0,0,0,0,0,0,0,0,2021-05-12 10:04:32,9597829922.0,12.05.21
170,Perambalur,Siva Hospital,0,0,0,0,0,0,0,0,0,0,0,0,0,0,0,2021-05-12 12:45:37,9952689388.0,12.05.21
171,Perambalur,SPT Hospital,0,0,0,0,0,0,0,0,0,0,0,0,0,0,0,2021-05-12 12:46:30,9566858686.0,12.05.21
172,Pudukkottai,Muthu Meenakshi Hospitals,60,27,33,25,18,7,20,9,11,15,0,15,3,0,3,2021-05-12 15:58:35,7094446315.0,NIL
173,Ramanathapuram,Aasi Multi Speciality Hospital,60,33,27,53,33,20,0,0,0,7,0,7,1,0,1,2021-05-13 08:25:57,7708287735.0,
174,Ramanathapuram,Kanagamani Hospital,0,0,0,0,0,0,0,0,0,0,0,0,0,0,0,2021-04-26 09:09:55,9965281061.0,No Change
175,Ramanathapuram,Vel Hospital Ramanathapuram,45,45,0,30,30,0,0,0,0,15,15,0,2,0,2,2021-05-13 08:15:50,9487804442.0,
176,Salem,Annapoorna Medical College and Hospital,124,111,13,29,29,0,90,77,13,5,5,0,3,3,0,2021-05-20 09:30:30,8072437396.0,B
177,Salem,Dharan Hospital,166,166,0,86,86,0,72,72,0,8,8,0,2,2,0,2021-05-12 10:42:48,9047079990.0,NIL
178,Salem,"Kauvery Hospital, Salem",150,32,118,50,11,39,86,12,74,14,9,5,10,6,4,2021-07-06 08:01:16,7397789300.0,Nil
179,Salem,Kurinji Hospital,125,125,0,75,75,0,20,20,0,30,30,0,10,10,0,2021-05-16 08:47:36,7867044355.0,We have stopped Admissions for O2 abeds due to shortage of Oxygen supply.
180,Salem,Manipal Hospital,46,46,0,41,41,0,0,0,0,5,5,0,2,0,2,2021-05-14 10:34:37,4272346600.0,Updated
181,Salem,Priyam Speciality Hospitals,100,100,0,80,80,0,0,0,0,20,20,0,7,4,3,2021-05-13 10:29:47,7010708284.0,Nil
182,Salem,Shanmuga Hospital Cancer Institute,75,75,0,30,30,0,20,20,0,25,25,0,2,2,0,2021-05-12 18:52:33,8754033833.0,update by 12/05/2021 @ 06:45 PM
183,Salem,SKS Hospital,110,110,0,55,55,0,35,35,0,20,20,0,0,0,0,2021-05-12 18:53:55,4274033333.0,Nil
184,Salem,Sri Gokulam Hospital,108,108,0,29,29,0,75,75,0,4,4,0,4,4,0,2021-05-12 11:52:34,4272338800.0,12-05-21
185,Salem,Vinayaka Mission Super Specialty Hospitals Pvt Ltd,80,65,15,24,22,2,47,42,5,9,1,8,2,0,2,2021-05-12 09:54:19,9500182225.0,Today Report
186,Salem,Vinyaga Mission Kirubanandha Variyar Medical College Hospital,210,210,0,45,45,0,155,155,0,10,10,0,5,5,0,2021-05-12 09:57:21,9751380971.0,12.05.2021
187,Sivagangai,Kauvery Hospital Karaikudi,65,65,0,55,55,0,0,0,0,10,10,0,4,0,4,2021-05-30 11:36:51,6381456995.0,29/05/2021 at 09:00AM .Positive - 18 Suspected-47 Total=65
188,Thanjavur,KG Multi Speciality Hospital,86,3,83,36,1,35,16,1,15,34,1,33,12,12,0,2021-08-21 18:23:26,9842349875.0,83 VACANT
189,Thanjavur,Meenakshi Multispeciality Hospital,145,145,0,50,50,0,65,65,0,30,30,0,3,3,0,2021-05-27 13:59:41,7402605570.0,
190,Tiruvallur,Aakash Hospital,120,120,0,114,114,0,0,0,0,6,6,0,4,4,0,2021-05-12 09:08:14,9087182644.0,12-05-2021
191,Tiruvallur,ACS Medical College And Hospital,100,66,34,15,15,0,73,39,34,12,12,0,4,4,0,2021-05-12 18:18:49,9003060052.0,CT positive -8 cases
192,Tiruvallur,Peacock Hospitals Private Limited,50,49,1,36,36,0,8,8,0,6,5,1,1,1,0,2021-05-18 08:28:32,9445391053.0,update 18/05/2021
193,Tiruvallur,Raj Nursing Home Mogappair East,33,33,0,26,26,0,0,0,0,7,7,0,3,3,0,2021-05-12 10:56:23,8921334594.0,12/05/2021
194,Tiruvallur,Ravina Health Care Pvt Ltd,54,0,54,30,0,30,16,0,16,8,0,8,1,0,1,2021-08-10 12:50:19,9840036349.0,Updated 10/08/2021
195,Tiruvallur,Sri Ivan Stedeford Hospital,0,0,0,0,0,0,0,0,0,0,0,0,0,0,0,2021-05-12 15:24:56,9489136071.0,Report - 04.00 p.m.
196,Tiruvallur,Sugam Hospital,51,51,0,39,39,0,10,10,0,2,2,0,2,2,0,2021-05-17 02:06:11,9551979777.0,17.05.2021 @ 2am
197,Tiruvannamalai,Ramana Maharishi Hospital,100,100,0,25,25,0,55,55,0,20,20,0,2,0,2,2021-05-14 08:46:22,9486047737.0,All covid positive patients 100 admitted in non oxygen supported patients.
198,Thoothukudi,Sacred Heart Hospital,35,31,4,28,28,0,5,1,4,2,2,0,1,0,1,2021-05-25 08:29:45,9443260714.0,25.05.2021 9.00am
199,Thoothukudi,Sri Hospital,18,0,18,14,0,14,0,0,0,4,0,4,1,0,1,2021-11-23 10:21:26,9442667069.0,23.11.2021
200,Tirunelveli,"Annai Velankanni Multi Speciality Hospital, Palayamkottai",42,42,0,20,20,0,9,9,0,13,13,0,2,2,0,2021-05-15 08:11:47,7540094100.0,Positive - 37. Suspected - 5 15-5-2021 8.00am
201,Tirunelveli,Ponra Multispeciality Hospital,15,0,15,5,0,5,10,0,10,0,0,0,0,0,0,2021-09-27 07:57:39,8300508737.0,..
202,Tirunelveli,Rosemary mission hospital and research centre,40,40,0,28,28,0,12,12,0,0,0,0,0,0,0,2021-05-15 08:12:53,7598264064.0,Updated...
203,Dindigul,Shifa Hospital,46,46,0,15,15,0,25,25,0,6,6,0,0,0,0,2021-05-25 08:28:40,9952495710.0,25/05/2021
204,Tiruppur,Revathi Medical Centre,83,83,0,38,38,0,35,35,0,10,10,0,4,4,0,2021-05-12 15:52:54,8072570015.0,NIL
205,Thiruvarur,Navajeevan Hospital,10,0,10,0,0,0,10,0,10,0,0,0,0,0,0,2021-08-05 11:15:56,7339603757.0,Updated on 05.08.2021
206,Thiruvarur,Thiruvarur Medical Centre,30,0,30,30,0,30,0,0,0,0,0,0,1,0,1,2021-08-21 08:35:29,9788188177.0,Update 21.08.2021
207,Thiruchirappalli,"Neuro One Hospital, Karur Bye Pass Road",35,35,0,14,14,0,13,13,0,8,8,0,5,1,4,2021-05-19 16:52:42,7397771405.0,"20 NON OXYGEN PATIENTS14 XYGEN PATIENTS , VENTILATER 1, NON O2PATIENTS OCCUPIED IN O2 BED& ICU BED."
208,Thiruchirappalli,Apollo Speciality Hospital,80,80,0,40,40,0,28,28,0,12,12,0,2,2,0,2021-05-13 08:37:42,9842164211.0,Updated done.
209,Thiruchirappalli,G V N Hospital Pvt Ltd,20,0,20,14,0,14,6,0,6,0,0,0,0,0,0,2021-11-24 16:02:04,9095505550.0,NIL.
210,Thiruchirappalli,"Kavery Medical Centre And Hospital, Trichy",120,107,13,45,42,3,45,35,10,30,30,0,8,8,0,2021-05-18 21:20:15,8870515222.0,Nil.
211,Thiruchirappalli,Maruti Hospital,86,6,80,54,4,50,22,0,22,10,2,8,6,5,1,2021-07-27 09:50:39,9944920163.0,Update done
212,Thiruchirappalli,Sinduja Hospital,80,80,0,26,26,0,35,35,0,19,19,0,4,3,1,2021-05-19 16:06:11,9442009956.0,Nil
213,Thiruchirappalli,"SRM Medical College Hospital And Research Centre, Trichy",310,274,36,90,88,2,200,169,31,20,17,3,10,10,0,2021-05-12 15:23:41,8939999269.0,Closing LMO = 0.900 KL 100 beds allotted to Government (Non O2 -78 and O2-22)
214,Thiruchirappalli,Dr.G.Viswanathan Hospital Mambalasalai,35,1,34,23,1,22,7,0,7,5,0,5,4,0,4,2021-07-30 09:26:14,9840404586.0,NIL.
215,Thiruchirappalli,Pankajam Sitaram Nursing Home (A Unit Of GVN Hospital),33,2,31,29,2,27,0,0,0,4,0,4,2,0,2,2021-11-24 16:02:49,9095505550.0,NIL.
216,Thiruchirappalli,"Sundaram Hospital, Pudhur",56,55,1,36,36,0,10,9,1,10,10,0,4,4,0,2021-05-13 09:23:51,7397789749.0,..
217,Thoothukudi,"Kamala Speciality Hospitals Pvt Ltd, Kovilpatti",21,17,4,14,14,0,4,2,2,3,1,2,1,0,1,2021-05-23 07:01:28,9487576077.0,
218,Vellore,Apollo KH Hospital Ranipet,55,53,2,46,46,0,4,2,2,5,5,0,2,2,0,2021-05-12 15:45:21,9500458786.0,
219,Vellore,Christian Medical College,86,45,41,38,16,22,0,0,0,48,29,19,50,50,0,2021-11-24 08:27:21,9385285970.0,
220,Vellore,Christian Medical College Kannigipuram campus,56,5,51,56,5,51,0,0,0,0,0,0,0,0,0,2020-11-03 07:34:58,,
221,Vellore,Sri Narayani Hospital and Research Centre,152,152,0,79,79,0,58,58,0,15,15,0,15,10,5,2021-05-12 09:12:09,7358387146.0,Nil 12.05.2021.
222,Virudhunagar,Meenakshi Memorial Hospital,25,24,1,10,10,0,10,9,1,5,5,0,2,2,0,2021-05-13 07:40:49,9025461813.0,Nil
223,Virudhunagar,Sri Krishna Hospital,30,1,29,25,1,24,0,0,0,5,0,5,2,0,2,2021-07-01 16:40:11,9159098003.0,No Comments
224,Chengalpattu,"Sai Fertility Centre & Hospital, Vedhachalam Nagar",28,28,0,12,12,0,15,15,0,1,1,0,1,1,0,2021-05-16 09:46:13,9100096000.0,16.05.2021
225,Dindigul,City Hospital Gandhi Nagar,42,42,0,32,32,0,6,6,0,4,4,0,1,0,1,2021-06-01 10:26:10,9150127822.0,01.06.2021
226,Dindigul,"Raja Rajeswari Hospital, Spence Nagar",49,40,9,44,38,6,0,0,0,5,2,3,1,0,1,2021-05-15 06:30:22,8870504662.0,15/05/2021
227,Madurai,"Santhya Speciality Hospital, Arappalaiyam Main Road",25,13,12,14,11,3,5,0,5,6,2,4,2,0,2,2021-05-24 06:39:28,6381589553.0,
228,Ramanathapuram,"Arogya Hospital, Kenikarai",100,70,30,70,50,20,20,20,0,10,0,10,1,0,1,2021-05-13 08:17:32,7810084283.0,
229,Salem,Saravana Hospital Ponnamapet,42,42,0,36,36,0,0,0,0,6,6,0,3,3,0,2021-05-12 09:20:45,9787116116.0,12.05.2021
230,Thiruchirappalli,Sri Venkateswara Hospital T.V Koil,20,16,4,20,16,4,0,0,0,0,0,0,0,0,0,2021-05-13 09:25:41,7604919191.0,Nil
231,Madurai,Aristo Speciality Hospital Ponmeni,28,28,0,18,18,0,8,8,0,2,2,0,0,0,0,2021-05-12 08:31:09,8940222211.0,updated... 11.05.21......
232,Madurai,"Asirvatham Speciality Hospital, Gandhi Nagar",25,0,25,4,0,4,19,0,19,2,0,2,2,0,2,2021-05-12 08:21:52,9500440696.0,12.05.2021
233,Madurai,Bala Hospital Usilampatti,25,25,0,15,15,0,0,0,0,10,10,0,2,0,2,2021-05-12 07:36:50,9443548450.0,No vacant
234,Madurai,"KJS Speciality Hospital,K.Pudur",20,10,10,4,4,0,10,0,10,6,6,0,1,1,0,2021-05-23 08:24:31,9629373744.0,updated 22.05.2021..
235,Madurai,Nithilaa Nursing Home Palanganatham,17,17,0,17,17,0,0,0,0,0,0,0,2,2,0,2021-05-12 06:26:27,9443744085.0,Covid - 19 patients today updated 12.05.2021. Thanking You !
236,Madurai,NTC Hospitals Vaithiyanathapuram,38,30,8,5,5,0,8,0,8,25,25,0,2,2,0,2021-05-28 08:43:47,9894208601.0,28.05.2021
237,Madurai,Raks Hospital Anna Nagar,25,25,0,21,21,0,0,0,0,4,4,0,5,0,5,2021-05-12 08:29:34,9003900364.0,as on 12.05.2021
238,Chennai,Pon Malligai Hospital Adambakkam,23,4,19,13,2,11,5,0,5,5,2,3,2,2,0,2021-06-17 15:20:05,9884850982.0,Date 17/06/2021
239,Chennai,Iswarya Fertility Centre Kilpauk,20,20,0,20,20,0,0,0,0,0,0,0,0,0,0,2021-05-12 10:09:19,8883350666.0,12-05-2021
240,Chennai,Iswarya Fertility Centre Adyar,10,0,10,3,0,3,5,0,5,2,0,2,1,0,1,2021-05-12 09:10:19,9842115123.0,12/05/2021
241,Chennai,Iswarya Fertility Centre Ambattur,5,0,5,2,0,2,2,0,2,1,0,1,2,0,2,2021-05-11 17:03:32,8883381666.0,11/05/2021
242,Chengalpattu,"Parvathy Hospital Chrompet,",12,2,10,5,1,4,3,1,2,4,0,4,7,7,0,2021-09-27 09:45:28,7825830723.0,27/09/2021
243,Chennai,"Shaarave Multi Speciality Hospital, Sowcorpet",12,12,0,8,8,0,0,0,0,4,4,0,2,2,0,2021-05-17 07:43:35,4443229641.0,17.05.2021
244,Chennai,Shanmugam Multi Speciality Hospital Royapuram,10,10,0,10,10,0,0,0,0,0,0,0,1,1,0,2021-06-01 12:03:17,7010229157.0,01.06.2021
245,Coimbatore,Atlas Pain Care Sowripalayam,40,31,9,0,0,0,40,31,9,0,0,0,0,0,0,2021-05-12 08:53:53,9865509999.0,09.05.2020
246,Dindigul,"JCB Hospitals Palani Road,",50,3,47,48,3,45,0,0,0,2,0,2,3,0,3,2021-07-26 15:02:43,9150758413.0,.
247,Dindigul,"Shree SathyaSubha Hospital, New Agaraharam",35,32,3,32,32,0,0,0,0,3,0,3,3,0,3,2021-06-20 09:16:00,6381781885.0,20/06/2021
248,Dindigul,"Van Allen Hospital, Kodaikanal",15,11,4,6,3,3,8,8,0,1,0,1,1,0,1,2021-05-12 15:49:11,6374042759.0,12/05/2021
249,Kanyakumari,Swamiyarmadam Rathna Memorial Hospital,40,40,0,15,15,0,16,16,0,9,9,0,0,0,0,2021-05-12 15:06:09,9750973290.0,.
250,Krishnagiri,Vijay Sai Health Care Pvt Ltd,60,60,0,60,60,0,0,0,0,0,0,0,0,0,0,2021-05-12 09:04:39,9791938235.0,.
251,Madurai,Rio Hospital Vandiyur,35,21,14,15,15,0,18,4,14,2,2,0,1,0,1,2021-05-12 10:43:09,7639845222.0,updated 12/05/2021....
252,Salem,"Universal Cancer Hospital, Kondalampatty",55,0,55,30,0,30,20,0,20,5,0,5,0,0,0,2021-11-14 09:53:29,8608044773.0,Nil patient.
253,Sivagangai,Devaki Multi Speciality Hospital,25,1,24,21,1,20,4,0,4,0,0,0,0,0,0,2021-09-24 09:18:24,7824950986.0,24-09-2021
254,Sivagangai,Karthick Multi Speciality Hospital,23,20,3,18,18,0,4,1,3,1,1,0,1,0,1,2021-06-09 09:06:59,8883894416.0,RTPCR POSITIVE 11 ct positive 9  REPORT 09.00
255,Thiruchirappalli,"Velan Speciality Hospital, Highways Colony",25,25,0,22,22,0,0,0,0,3,3,0,1,0,1,2021-05-31 09:56:23,7339565444.0,Nil.
256,Thoothukudi,Public Welfare Hospital Kovilpatti,18,3,15,6,3,3,11,0,11,1,0,1,1,0,1,2021-06-07 12:52:57,9385811752.0,"Nil.,"
257,Chennai,"Medway Women Centre, Kodambakkam",30,30,0,26,26,0,0,0,0,4,4,0,4,4,0,2021-05-12 13:42:25,7299057830.0,12-05-2021
258,Dindigul,"K T Hospitals, Palani Bye pass Junction",110,75,35,80,55,25,0,0,0,30,20,10,5,0,5,2021-05-12 17:02:06,9344222202.0,12.05.2021 (05:00 PM)
259,Madurai,"Raksha Hospital, Anna Nagar",20,7,13,6,1,5,14,6,8,0,0,0,0,0,0,2021-05-28 12:07:53,9578782333.0,
260,Madurai,Thirusenthilandavar Multispeciality Hospital,20,0,20,2,0,2,16,0,16,2,0,2,1,1,0,2021-08-23 08:41:42,7708773633.0,Updated on 23.08.2021 updated.
261,Sivagangai,"Madha Hospital, Manamadurai",50,27,23,10,8,2,30,19,11,10,0,10,1,0,1,2021-05-14 15:31:31,7904443644.0,Positive-8 Suspect-19 Total-27 Updated
262,Madurai,"Ahana Hospital,11,Subramanian st,Annanagar,Madurai",90,2,88,89,1,88,0,0,0,1,1,0,1,1,0,2021-07-10 07:27:12,9659462722.0,Nil...
263,Chennai,"Apollo Hospital, OMR, Perungudi",55,55,0,32,32,0,7,7,0,16,16,0,5,5,0,2021-06-24 09:47:35,7299021425.0,Updated 24/6/2020
264,Chennai,"K.G.J Hospitals, Korattur",20,2,18,20,2,18,0,0,0,0,0,0,0,0,0,2021-08-10 19:51:46,8695966995.0,Updated 10.08.21 07.51 PM
265,Chennai,"Padmapriya Hospital, Adyar",5,0,5,3,0,3,2,0,2,0,0,0,0,0,0,2021-08-28 07:05:26,9444200270.0,updated 27-08-2021
266,Chennai,"Priya Nursing Home, Old Washermenpet",40,40,0,10,10,0,24,24,0,6,6,0,0,0,0,2021-05-11 10:46:09,9094888340.0,11/05/2021 9.00aM
267,Chennai,"Saraswathy Multi Speciality Hospitals, Madipakkam",85,84,1,30,30,0,20,19,1,35,35,0,6,6,0,2021-05-13 06:24:44,9790785916.0,
268,Chennai,"Suman Hospital, Thiruvotriyur",30,30,0,20,20,0,0,0,0,10,10,0,2,2,0,2021-05-13 10:48:09,6369794092.0,13-05-2021 10.46 am
269,Chennai,"The Madras Medical Mission, Mogappair",30,30,0,17,17,0,8,8,0,5,5,0,2,0,2,2021-05-12 08:04:15,9940593999.0,12-05-2021
270,Coimbatore,Abinand Hospital,65,52,13,30,30,0,30,17,13,5,5,0,3,3,0,2021-05-12 08:52:46,8838689898.0,As on 12.05.2021
271,Coimbatore,"Sree Abirami Hospital, Coimbatore TN.",75,75,0,45,45,0,15,15,0,15,15,0,3,3,0,2021-06-03 09:17:54,9952200057.0,3/6
272,Erode,"Kovai Medical Centre,Erode TN.",50,0,50,20,0,20,25,0,25,0,0,0,0,0,0,2021-03-15 13:39:08,,.
273,Kancheepuram,"TCS, Sirucherry",40,0,40,0,0,0,40,0,40,0,0,0,0,0,0,2021-11-24 16:09:35,8800000000.0,UPDATED TILL 24/11/2021 4:00PM
274,Kanyakumari,"Bethesda Hospital, Nagercoil",40,40,0,24,24,0,9,9,0,7,7,0,2,2,0,2021-05-12 17:06:20,9566519491.0,.
275,Kanyakumari,"Siva Hospital, Nagercoil",50,50,0,20,20,0,25,25,0,5,5,0,3,0,3,2021-05-18 17:14:04,9443152469.0,18.05.2021 EVENING
276,Karur,"ABS Hospital, Thanthonimalai",80,75,5,55,53,2,0,0,0,25,22,3,3,0,3,2021-05-12 13:27:15,8300393424.0,12.05.2021..
277,Krishnagiri,"Sri Chandrasekaran Hospital unit -2, Hosur",90,3,87,69,1,68,1,0,1,20,2,18,2,0,2,2021-07-19 10:52:06,9655206592.0,90 beds
278,Madurai,"BGM Hospital, Iyer Bungalow",32,30,2,12,12,0,17,15,2,3,3,0,1,0,1,2021-07-28 12:28:02,9047075271.0,28.07.2021
279,Madurai,"Dr.Chidambaram Memorial Hospital, Jai Hind puram",19,19,0,19,19,0,0,0,0,0,0,0,0,0,0,2021-05-12 16:26:51,8122486160.0,12.05.2021 at UPDATED...
280,Madurai,"Gowri Nursing Home, Jeeva Nagar",27,27,0,15,15,0,12,12,0,0,0,0,0,0,0,2021-05-12 16:26:21,9944458354.0,Update 12.05.2021..
281,Madurai,"Grace Kennett Foundation Hospital, Kennett Road",15,0,15,10,0,10,0,0,0,5,0,5,2,0,2,2021-08-02 10:17:52,9943450401.0,NO CHANGE
282,Madurai,"Swarnakamalam (SKG) Multispeciality Hospital Pvt Ltd, Thirumanagalam",50,12,38,12,3,9,5,0,5,33,9,24,8,0,8,2021-07-07 10:45:11,9003900349.0,07-07-2021
283,Nagapattinam,"Arun Priya Nursing Home, Nagapattinam TN.",42,27,15,14,5,9,28,22,6,0,0,0,0,0,0,2021-05-14 13:18:54,9159999914.0,Nil
284,Ramanathapuram,Meera Clinic,16,16,0,6,6,0,10,10,0,0,0,0,2,0,2,2021-05-13 08:18:17,9443190986.0,
285,Salem,"Geeth Raghunath Hospital, Attur",35,33,2,31,31,0,0,0,0,4,2,2,2,1,1,2021-05-16 17:16:52,9842750556.0,Grand total - 33
286,Salem,"Karthik Medical Centre, Idappadi",35,0,35,22,0,22,11,0,11,2,0,2,2,2,0,2021-11-18 10:11:17,9600380076.0,
287,Salem,"Shivasurya Polyclinic, Salem",24,24,0,18,18,0,6,6,0,0,0,0,0,0,0,2021-05-12 01:33:05,9443173270.0,Nil
288,Salem,"Sree Vasantham Hospital, Gugai",35,35,0,10,10,0,16,16,0,9,9,0,3,0,3,2021-06-12 13:35:43,9894136398.0,Update
289,Tenkasi,"Meeran Hospital, Tenkasi",53,43,10,48,38,10,1,1,0,4,4,0,1,0,1,2021-05-15 09:12:06,9600692323.0,.
290,Tenkasi,"Santhi Hospital, Vaikkalpalam, Tenkasi",40,33,7,20,18,2,15,15,0,5,0,5,1,0,1,2021-05-13 07:34:11,7305009427.0,
291,Thanjavur,Our Lady Hospital,85,59,26,20,20,0,56,30,26,9,9,0,2,0,2,2021-05-12 16:01:00,8489906295.0,Total positive case - 35 Total sari case - 24
292,Thanjavur,"Sri Naadi Hospital, Pattukottai",40,40,0,25,25,0,10,10,0,5,5,0,3,3,0,2021-05-13 01:14:02,9942104455.0,40 patients
293,Thanjavur,"Vijay Poly Clinic, Kumbakonam",30,30,0,18,18,0,10,10,0,2,2,0,1,1,0,2021-05-12 15:26:29,8870011952.0,may 12
294,Theni,Arun Hospital,23,0,23,10,0,10,10,0,10,3,0,3,0,0,0,2021-05-14 08:53:39,9443328375.0,14.05.2021
295,Theni,"Nalam Hospital, Allinagaram",6,0,6,6,0,6,0,0,0,0,0,0,0,0,0,2021-07-31 14:24:19,8870007450.0,31.07.2021 Morning report
296,Theni,"Ramapadyan Hospital, A.Pudur Vilakku",15,8,7,2,0,2,11,8,3,2,0,2,1,0,1,2021-05-25 14:34:57,9003398211.0,Evening update theni
297,Theni,"Theni Medical Centre, Nehruji Road",25,25,0,25,25,0,0,0,0,0,0,0,0,0,0,2021-05-14 08:54:34,9361917118.0,14.05.2021
298,Tirunelveli,"Royal Hospital, NGO Colony",28,23,5,20,20,0,5,0,5,3,3,0,3,3,0,2021-05-15 08:13:40,9487057857.0,15.05.21 updated
299,Tirunelveli,"Sudharson Platinum Hospitals, Vannarpettai",30,11,19,19,1,18,0,0,0,11,10,1,3,0,3,2021-06-11 16:34:05,8946079430.0,11 cases
300,Thiruchirappalli,"Athma Hospitals, Thillai Nagar",15,15,0,6,6,0,8,8,0,1,1,0,1,1,0,2021-05-13 10:28:19,9865779707.0,
301,Thiruchirappalli,Kavi Hospital & Neuro Foundation,30,0,30,24,0,24,4,0,4,2,0,2,2,0,2,2021-08-07 08:11:51,9843005288.0,NIL.
302,Thiruchirappalli,Mangalam Hospital,15,15,0,12,12,0,3,3,0,0,0,0,0,0,0,2021-05-13 08:54:20,9092829992.0,Nil.
303,Thiruchirappalli,MMM Multi Speciality Hospital,20,0,20,10,0,10,5,0,5,5,0,5,0,0,0,2021-05-13 09:26:28,9600340430.0,Nil
304,Thiruchirappalli,"Retna Global Hospital, Tennur",70,69,1,54,53,1,0,0,0,16,16,0,5,5,0,2021-05-15 12:03:50,9245148941.0,Update done..
305,Thiruchirappalli,"Star KIMS Hospital, Thillai Nagar",40,40,0,32,32,0,0,0,0,8,8,0,3,3,0,2021-05-13 09:28:35,9789488894.0,Nil.
306,Thiruchirappalli,"Trichy Medical Centre and Hospital, Thillai Nagar",32,32,0,27,27,0,0,0,0,5,5,0,3,3,0,2021-05-13 09:31:23,9842011199.0,
307,Thoothukudi,"Aarthi Hospital, Kovilpatti",27,27,0,15,15,0,8,8,0,4,4,0,1,1,0,2021-05-20 12:14:21,9443141811.0,RT-PCR positive Cases: 25 Suspected SARI Cases: 2
308,Thoothukudi,"City Hospital, Tuticorin",25,8,17,21,8,13,0,0,0,4,0,4,1,0,1,2021-06-11 09:13:15,9842911141.0,11/6/21 8 am
309,Thoothukudi,"K.M.T Hospital, Kayalpatnam",22,16,6,6,5,1,11,11,0,5,0,5,1,0,1,2021-05-13 08:37:45,9489659868.0,13.05.2021
310,Thoothukudi,"Sree Chendur Multispeciality Hospital, Kovilpatti",16,16,0,13,13,0,0,0,0,3,3,0,0,0,0,2021-05-15 15:45:01,9442130965.0,.
311,Thoothukudi,Suganthi Nursing Home (Unit of Sundaram Arulrhaj Hospitals),15,15,0,12,12,0,0,0,0,3,3,0,3,0,3,2021-05-14 13:04:34,8220705749.0,1:00 PM
312,Virudhunagar,"VVVNC, Chatrarediapatti",40,40,0,20,20,0,0,0,0,20,20,0,1,1,0,2021-05-12 15:07:16,9940757475.0,
313,Chennai,Dr. Mehtas Hospital,102,102,0,82,82,0,10,10,0,10,10,0,4,4,0,2021-05-11 09:43:41,9840080449.0,Updated on 11/05/2021
314,Tirunelveli,Shifa Hospital,65,64,1,35,35,0,22,21,1,8,8,0,5,5,0,2021-05-15 08:16:09,9952795456.0,Updated 15/05/2021
315,Chennai,Annai Multispeciality Hospital,25,0,25,10,0,10,7,0,7,8,0,8,4,0,4,2021-11-17 09:09:45,7092820884.0,17/11/2021 Covid care helpline - 8778501016/9894686088 ...
316,Thiruchirappalli,Royal Pearl Hospital,25,22,3,18,15,3,0,0,0,7,7,0,2,0,2,2021-05-14 09:52:57,8300244928.0,NILL
317,Mayiladuthurai,Vishnu hospital,19,16,3,6,6,0,10,10,0,3,0,3,1,0,1,2021-05-14 13:21:27,9489858034.0,Nil
318,Sivagangai,Apollo,60,1,59,10,1,9,45,0,45,5,0,5,1,1,0,2021-11-17 08:29:19,7397591935.0,17.11.2021@9AM
319,Sivagangai,Senthil hospital,85,1,84,50,1,49,23,0,23,12,0,12,4,0,4,2021-11-24 07:32:31,8012519266.0,Covid Positive : 0 Suspected: 1 Updated On: 24.11.2021
320,Chengalpet,KMS Health Centre,25,25,0,17,17,0,7,7,0,1,1,0,1,1,0,2021-05-12 17:41:49,9791197514.0,12 May21 05:41 PM
321,Salem,"Kamala Hospital,Agraharam",73,73,0,31,31,0,32,32,0,10,10,0,2,2,0,2021-05-16 20:56:00,9842719451.0,updated..
322,Coimbatore,"Coimbatore Diabetic Foundation,maruthamalai road",30,9,21,15,7,8,15,2,13,0,0,0,0,0,0,2021-06-06 10:21:51,9362622723.0,06/06/2021
323,Kanyakumari,"Manuel Orthopedic Hospital, therekaalputhoor",50,45,5,25,25,0,20,20,0,5,0,5,2,0,2,2021-05-12 15:14:28,9750883676.0,
324,Kanyakumari,"Joseph Sahayam Speciality Hospital, Nagerkoil",68,24,44,31,1,30,31,23,8,6,0,6,4,0,4,2021-05-12 16:26:09,9566301338.0,
325,Kanyakumari,"Thasiah Medical centre, Marthandam",30,2,28,13,0,13,7,2,5,10,0,10,2,0,2,2021-07-02 19:40:24,9952249470.0,.
326,Thanjavur,"MVK Hospital, Thanjavur",50,50,0,15,15,0,20,20,0,15,15,0,2,0,2,2021-05-12 14:53:42,9566201833.0,patients all are stables
327,Thanjavur,Vinodhagan Memorial Hospital,60,32,28,30,14,16,25,17,8,5,1,4,2,1,1,2021-06-16 08:11:45,4362234885.0,Updated 16/06/2021
328,Coimbatore,"Chennai Hospitals Pvt Ltd, Gandhipuram",37,0,37,37,0,37,0,0,0,7,0,7,0,0,0,2020-12-10 09:08:46,,Report Submitted 10.12.2020
329,Coimbatore,"CSR Nursing Home, Gandhipuram",41,41,0,14,14,0,26,26,0,1,1,0,1,1,0,2021-05-12 10:06:01,8300128777.0,12.05.2021
330,Coimbatore,"Dr.Muthus Hospital, Saravanampatti",133,122,11,80,80,0,13,2,11,40,40,0,29,29,0,2021-05-12 09:56:06,8012312000.0,
331,Coimbatore,"FIMS Hospital, Sundarapuram",100,2,98,50,2,48,35,0,35,15,0,15,4,0,4,2021-08-10 18:44:35,9600240521.0,10/08/2021
332,Coimbatore,"K.Govindhasamy Memorial Annex Hospital, Saravanampatti",150,150,0,30,30,0,117,117,0,3,3,0,2,2,0,2021-05-12 10:29:56,7094441551.0,
333,Coimbatore,"Kalpana Medical Centre Pvt Ltd, Kavundampalayam",40,40,0,38,38,0,0,0,0,2,2,0,2,2,0,2021-05-12 09:51:25,8508655534.0,
334,Coimbatore,"Kumaran Medical Centre, Kurumbapalayam",80,80,0,50,50,0,20,20,0,10,10,0,3,3,0,2021-05-12 10:00:55,9344022222.0,
335,Coimbatore,"NG Hospital Pvt Ltd & Research Centre, Singanallur",140,4,136,73,0,73,40,4,36,27,0,27,2,0,2,2021-08-02 11:13:37,9942955568.0,Ok
336,Coimbatore,"Sathya Medical Centre and Hospital, Sivanandha Colony",30,30,0,10,10,0,15,15,0,5,5,0,4,4,0,2021-05-12 09:18:08,9994499585.0,12.05.2021
337,Salem,Aishwaryam Speciality Hospital,47,47,0,47,47,0,0,0,0,0,0,0,2,0,2,2021-05-12 09:40:11,4272777555.0,NIL
338,Salem,"Deepam Speciality Hospital, Vazhapady",60,45,15,10,10,0,46,31,15,4,4,0,0,0,0,2021-05-13 06:38:55,9787702400.0,Nil
339,Salem,"GL Hospital, Swarnapuri",30,30,0,18,18,0,6,6,0,6,6,0,1,1,0,2021-05-17 12:57:40,9994050605.0,nil
340,Salem,Mohanraj Children's Hospital,70,0,70,20,0,20,50,0,50,0,0,0,0,0,0,2021-08-10 17:33:51,9566313409.0,"Till 5.30pm,10.08.2021"
341,Salem,"Nathan Super Speciaty Hosptial, Salem",52,52,0,23,23,0,17,17,0,12,12,0,2,0,2,2021-05-30 10:27:29,9894276633.0,Nil
342,Salem,"Sri Shellapha Hospital, Salem",70,60,10,35,35,0,32,22,10,3,3,0,0,0,0,2021-05-13 10:03:51,9894264333.0,Sent on 13.05.2021 at 10.00Am
343,Salem,Thiru Neuro And MultiSpecility Salem,52,52,0,17,17,0,25,25,0,10,10,0,2,2,0,2021-05-31 08:17:25,4272555999.0,Nil
344,Erode,"Erode multispeciality Hospital, Erode",60,60,0,16,16,0,40,40,0,4,4,0,2,2,0,2021-05-12 08:51:31,8248930767.0,NILL
345,Madurai,"Vetri Siddha Hospital, Thaniciyam (Siddha)",60,0,60,4,0,4,56,0,56,0,0,0,0,0,0,2021-06-18 12:19:43,9500967789.0,18.06.2021
346,Karur,"Abishek Hospital, Karur Tn.",27,25,2,15,15,0,12,10,2,0,0,0,0,0,0,2021-05-12 15:43:42,9790555151.0,12.05.2021 nil
347,Namakkal,"Shree Akhshaya Hospital Namakkal, TN.",28,28,0,23,23,0,0,0,0,5,5,0,4,4,0,2021-05-13 07:29:33,9629492325.0,Report submitted on 13.05.2021
348,Namakkal,"Soorya Multispechiality Hospitals, Namakkal TN.",40,40,0,35,35,0,0,0,0,5,5,0,1,0,1,2021-05-12 17:13:17,9942251163.0,REPORT SUBMITTED ON 12.05.2021 at 05:13PM
349,Karur,"GC Hospital, Karur Tn.",15,12,3,10,8,2,4,3,1,1,1,0,1,0,1,2021-05-13 09:14:28,9659974311.0,13.05.2021 -
350,Chennai,"Vivekananda Hospital,mylapore",40,0,40,40,0,40,0,0,0,0,0,0,2,0,2,2021-07-04 05:56:44,7200648296.0,04-07-21
351,Chengalpattu,"DAISY HOSPITAL,CHROMPET",14,0,14,12,0,12,0,0,0,2,0,2,2,2,0,2021-11-24 09:19:58,9940632392.0,23/11/2021
352,Chengalpattu,AAYUSHMAAN HOLISTIC HEALTH CENTRE,30,30,0,5,5,0,25,25,0,0,0,0,0,0,0,2021-05-13 10:00:23,9962331777.0,"13-05-2021, no vacant bed\\\'s"
353,Kanyakumari,"Catherinebooth hospital,Nagercoil",54,6,48,21,1,20,27,4,23,6,1,5,1,0,1,2021-06-28 08:50:13,9442282220.0,
354,Tenkasi,"Mathura Hospital, Surandai",8,0,8,0,0,0,8,0,8,0,0,0,1,0,1,2021-05-13 07:33:17,9486285464.0,
355,Chennai,"K.M Speciality Hospital, K.K Nagar",33,33,0,33,33,0,0,0,0,0,0,0,0,0,0,2021-06-02 13:46:05,9944903256.0,(2/6/2021)
356,Tiruvallur,SKS HOSPITAL,15,0,15,12,0,12,0,0,0,3,0,3,2,0,2,2021-09-16 13:34:20,9841091403.0,16.09.2021
357,Thiruvarur,"P.K.T Nursing Home, Thiruthuraipoondi",15,0,15,15,0,15,0,0,0,4,0,4,0,0,0,2021-04-26 18:12:05,,updated 21.04.2021
358,Dindigul,Vadamalayan Hospital,76,73,3,36,36,0,30,27,3,10,10,0,5,4,1,2021-05-12 15:28:11,8754044538.0,updated 12.05.21 3.30pm
359,Chennai,"MOHAN NURSING HOME, VILLIVAKKAM",8,0,8,4,0,4,4,0,4,0,0,0,0,0,0,2021-05-13 14:14:34,9976819987.0,13:05:2021
360,Chennai,"Best Hospitals,Kodambakkam",34,34,0,6,6,0,25,25,0,3,3,0,2,2,0,2021-05-16 11:33:56,9677050567.0,16.05.2021
361,Thiruvarur,"Raj Hospital, Mannargudi",10,0,10,0,0,0,10,0,10,0,0,0,0,0,0,2021-08-03 09:51:49,9487701007.0,Updated 03.08.2021
362,Chengalpattu,"Kasthuri Hospital , Thambaram",20,0,20,17,0,17,0,0,0,3,0,3,3,0,3,2021-07-05 10:32:25,7299009287.0,"05-07-2021, 09:00 AM"
363,Chennai,"Sri Singhvi Health Centre, Purasaivakkam",20,0,20,15,0,15,5,0,5,0,0,0,0,0,0,2021-08-10 09:11:53,7871081082.0,09.08.2021
364,Namakkal,Visaalam Hospital,55,42,13,14,11,3,40,31,9,1,0,1,1,0,1,2021-05-12 18:08:27,9791779690.0,Report Submitted 12.05.2021 6.00pm
365,Krishnagiri,"Gunam super speciality hospital,Hosur",70,70,0,18,18,0,52,52,0,0,0,0,0,0,0,2021-05-12 10:51:47,9566652143.0,nill
366,Salem,Sree jeyam ortho & multispeciality Hospital,24,24,0,3,3,0,20,20,0,1,1,0,0,0,0,2021-05-12 08:57:04,9597982434.0,12/05/21
367,Krishnagiri,St.Louis Hospital,40,3,37,40,3,37,0,0,0,0,0,0,0,0,0,2020-12-07 08:53:49,,Nil
368,Vellore,Naruvi Hospitals(A Unit of m/s.Sanco ),199,199,0,170,170,0,0,0,0,29,29,0,27,15,12,2021-05-12 16:50:45,8754016970.0,updated on 12/05/2021 at 04.50 PM
369,Krishnagiri,Nathanâ€™s Speciality Hospital,30,15,15,20,15,5,10,0,10,0,0,0,0,0,0,2021-06-22 18:37:40,8248586758.0,NIL NIL
370,Chennai,"Sudha Hospital, Royapuram",12,12,0,10,10,0,0,0,0,2,2,0,1,1,0,2021-05-27 16:18:31,9444031230.0,27/05/2021 at 4 PM
371,Tirunelveli,Peace Health Centre,24,24,0,11,11,0,7,7,0,6,6,0,2,2,0,2021-05-15 08:15:32,8754950234.0,Today 15.05.2021 8 am
372,Chennai,Jolen Hospital,22,22,0,8,8,0,10,10,0,4,4,0,0,0,0,2021-05-20 11:02:35,7305855991.0,20/05/2021
373,Chennai,Sen Hospital,30,30,0,24,24,0,0,0,0,6,6,0,2,2,0,2021-05-12 17:15:22,9600899382.0,
374,Chennai,"st. Isabels hospital, Maylapore",100,74,26,66,66,0,26,0,26,8,8,0,4,4,0,2021-05-12 16:05:07,9585965330.0,Positive cases- 74
375,Chennai,"Sri Balaji Hospital, guindy",19,19,0,12,12,0,0,0,0,7,7,0,0,0,0,2021-05-05 11:13:03,8838811601.0,Daily Data Base
376,Chennai,"Radha Rajendran Hospital, Alandur",12,12,0,12,12,0,0,0,0,0,0,0,0,0,0,2021-05-08 10:22:24,9952920853.0,08-05-2021
377,Chennai,"One health hospital, Vandalur",25,25,0,15,15,0,0,0,0,10,10,0,4,4,0,2021-05-21 16:04:29,9445025558.0,
378,Chennai,"Srinivasa Hospital, Kodampakkam",30,12,18,20,9,11,5,1,4,5,2,3,2,2,0,2021-05-27 21:11:24,9840102493.0,
379,Kanyakumari,"PPK hospital, Marthandam",42,35,7,25,18,7,10,10,0,7,7,0,3,2,1,2021-05-12 15:16:51,9442521919.0,.
380,Salem,RK hospital,15,10,5,10,8,2,3,2,1,2,0,2,0,0,0,2021-07-16 16:48:12,7373004777.0,Here with Updating our Hospital bed details
381,Karur,Nachimuthu hospital,25,25,0,21,21,0,0,0,0,4,4,0,1,0,1,2021-05-12 15:49:09,9566854364.0,12.05.2021 nil
382,Virudhunagar,Amar hospital,41,39,2,36,36,0,0,0,0,5,3,2,2,0,2,2021-05-12 15:14:38,8608638184.0,12/05/2021 03.13 pm
383,Krishnagiri,"Uma Kumar Hospital, Hosur",5,5,0,0,0,0,5,5,0,0,0,0,0,0,0,2021-05-07 16:43:19,9443230269.0,No oxygen supply
384,Tirunelveli,VJ Hospital,25,1,24,10,1,9,10,0,10,5,0,5,5,5,0,2021-07-16 08:08:03,9843604611.0,1 Active cases
385,Thiruchirappalli,Atlas Hospital,40,40,0,26,26,0,8,8,0,6,6,0,1,1,0,2021-05-14 08:19:17,7092980125.0,
386,Tiruppur,Velan Hospital,30,30,0,18,18,0,4,4,0,8,8,0,2,2,0,2021-05-13 15:49:35,8248725224.0,Nil
387,Dindigul,"Sakthi Vinayagar Multispeciality Hospital, Guziliamparai",30,30,0,10,10,0,10,10,0,10,10,0,5,3,2,2021-05-15 16:04:07,9965534490.0,15.05.2021
388,Chennai,Be well hospital T.Nagar,19,19,0,19,19,0,0,0,0,0,0,0,0,0,0,2021-05-07 08:46:56,7550203865.0,
389,Chennai,Vijai's Nursing home,25,25,0,15,15,0,5,5,0,5,5,0,0,0,0,2021-05-12 15:53:15,8822882285.0,4PM
390,Chennai,Prime Indian Hospitals,55,3,52,45,3,42,10,0,10,0,0,0,0,0,0,2021-06-29 12:30:11,9941011680.0,29-06-2021
391,Thanjavur,Dravidian Hospital,40,40,0,31,31,0,0,0,0,9,9,0,1,0,1,2021-05-12 15:24:33,7550372088.0,Sari cases 28  Positive cases 12 UPDATED ON ..12.05.2021.
392,Coimbatore,Gem Hospital and Research centre,75,75,0,40,40,0,30,30,0,5,5,0,0,0,0,2021-05-28 09:05:11,9003932323.0,
393,Coimbatore,"N.M. Hospital, Annur",64,64,0,40,40,0,12,12,0,12,12,0,2,2,0,2021-05-12 10:44:42,9944376111.0,.
394,Namakkal,Swamy Vivekanandha Medical College Hospital and Research Institute,100,0,100,40,0,40,50,0,50,10,0,10,10,0,10,2021-05-14 07:44:20,9489059104.0,7.43am
395,Tiruvallur,"Be well , Ponamallee",35,35,0,15,15,0,20,20,0,0,0,0,0,0,0,2021-05-12 16:17:55,7092937252.0,
396,Thanjavur,National pharma,50,7,43,5,5,0,43,0,43,2,2,0,2,2,0,2021-08-07 11:00:27,9524241241.0,Positive cases- 2
397,Thiruchirappalli,"Akshaya Hospital,Thottiyam",25,1,24,9,0,9,11,0,11,5,1,4,2,1,1,2021-08-08 13:06:10,9566683380.0,
398,Chennai,"Amrit Medical Centre,Purasawakkam",20,17,3,2,2,0,17,14,3,1,1,0,0,0,0,2021-05-12 16:00:59,8122119835.0,
399,Salem,AP Medical Centre,40,40,0,25,25,0,15,15,0,0,0,0,0,0,0,2021-05-13 11:47:36,9994930184.0,Updated on 13.05.21
400,Chennai,Fortis healthcare â€“ Vadapalani,20,20,0,15,15,0,0,0,0,5,5,0,1,1,0,2021-05-12 16:14:03,9940141573.0,
401,Chennai,"City Tower Hospital,Anna Nagar",28,28,0,22,22,0,0,0,0,6,6,0,1,1,0,2021-05-08 11:06:45,9790985752.0,
402,Tiruppur,"CNS Hospitals, Palangarai",25,25,0,12,12,0,10,10,0,3,3,0,2,2,0,2021-05-12 19:24:11,9994655886.0,nil
403,Chengalpattu,"Das Nursing Home,Chengalpattu",10,6,4,5,5,0,2,0,2,3,1,2,2,0,2,2021-08-04 08:06:15,7200084041.0,
404,Kanyakumari,"Dr. Kumaraswami Health Centre, Perumalpuram",50,0,50,8,0,8,40,0,40,2,0,2,0,0,0,2021-09-26 07:00:59,7397617648.0,
405,Chennai,"Esha Hospital,Old Washermenpet",10,8,2,3,3,0,7,5,2,0,0,0,0,0,0,2021-05-23 10:15:19,9962562594.0,
406,Chennai,Faith Multispecialty Hospital,12,12,0,4,4,0,4,4,0,4,4,0,4,4,0,2021-05-12 16:17:34,9500170383.0,
407,Chennai,"G.R Hospital,Adambakkam",15,6,9,10,4,6,5,2,3,0,0,0,0,0,0,2021-05-28 10:53:54,7200309380.0,28-5-2021
408,Madurai,"Genezen Indus Hopsital,Madurai",36,36,0,18,18,0,0,0,0,18,18,0,2,2,0,2021-05-16 13:03:28,8248875065.0,NO BEDS AVAILABLE
409,Chennai,"GeriCare, T Nagar",35,35,0,22,22,0,3,3,0,10,10,0,2,2,0,2021-05-12 10:33:57,4440614061.0,
410,Chennai,"Hindu Mission Health Services,Nanganallur",17,17,0,8,8,0,8,8,0,1,1,0,0,0,0,2021-05-11 16:13:19,8939673657.0,
411,Chennai,"Iyyappa Hospitals and Diabetes Research Centre Pvt Ltd,Perambur",0,0,0,0,0,0,0,0,0,0,0,0,0,0,0,2021-04-22 13:02:48,,
412,Kancheepuram,"Jaya Hospital,Sriperumbudhur",0,0,0,0,0,0,0,0,0,0,0,0,0,0,0,2021-04-22 13:03:34,,
413,Thoothukudi,"Jayashri Hospital,Tuticorin",15,15,0,5,5,0,7,7,0,3,3,0,1,0,1,2021-05-26 17:29:30,9944393258.0,
414,Sivagangai,"Jedaiah Steve Hospital,Karaikudi",38,38,0,26,26,0,12,12,0,0,0,0,0,0,0,2021-06-06 09:37:09,8054484748.0,Suspect-36 Positive-2
415,Chennai,"Jyoti Hospital,Old Washermenpet",18,9,9,4,4,0,14,5,9,0,0,0,1,1,0,2021-05-10 11:28:19,8778393657.0,10-05-2021
416,Thanjavur,"Kanakesa Thevar Memorial Hospital,Thanjavur",30,30,0,24,24,0,0,0,0,6,6,0,2,0,2,2021-05-12 19:03:03,9842741902.0,RTPCR Positive. 13 cases SARI 17 Cases. Total 30 Cases
417,Chengalpattu,"Kathir Memorial Hospital,Chengalpattu",12,12,0,12,12,0,0,0,0,0,0,0,0,0,0,2021-05-12 17:16:08,9566572277.0,12/05/2021 NO ICU BEDS
418,Salem,"Kavin Hospital,Omalur",15,15,0,10,10,0,3,3,0,2,2,0,1,0,1,2021-05-12 16:17:50,9944332762.0,
419,Chennai,"Kavitha Ortho and Multi Speciality Hospital,Chrompet",0,0,0,0,0,0,0,0,0,0,0,0,0,0,0,2021-04-22 13:11:06,,
420,Tiruppur,"Kongu Heart Center, Dharapuram",25,25,0,12,12,0,5,5,0,8,8,0,2,2,0,2021-05-14 09:16:39,9629025780.0,No
421,Chengalpattu,"Lakshmi Nursing Home, Pallavaram",17,15,2,17,15,2,0,0,0,0,0,0,1,0,1,2021-05-12 09:09:45,8939633433.0,10-05-2021
422,Chennai,"Leela Specialty Hospital,Tiruvottiyur",0,0,0,0,0,0,0,0,0,0,0,0,0,0,0,2021-04-22 13:13:20,,
423,Kancheepuram,Mahalakshmi Multispecialty Hospital,51,51,0,39,39,0,3,3,0,9,9,0,1,1,0,2021-05-12 08:59:21,8610485027.0,
424,Chennai,"Nagamani Hospital,Old Washermenpet",20,20,0,20,20,0,0,0,0,0,0,0,0,0,0,2021-05-17 14:39:10,9884661464.0,
425,Chennai,Nalam Hospital Pvt Ltd,0,0,0,0,0,0,0,0,0,0,0,0,0,0,0,2021-04-22 13:15:34,,
426,Chennai,"Oxymed Hospital,Nandanam",20,20,0,14,14,0,0,0,0,6,6,0,0,0,0,2021-05-12 15:32:33,9840834352.0,11.05.2021
427,Chennai,"Pavithra Hospital Pvt Ltd,Teynampet",0,0,0,0,0,0,0,0,0,0,0,0,0,0,0,2021-04-22 13:17:03,,
428,Thiruchirappalli,"Prabhu Diabetes Specialty Centre,Trichy",22,22,0,11,11,0,10,10,0,1,1,0,1,1,0,2021-05-13 09:20:13,9787955955.0,Nil.
429,Chennai,"Prasanth Fertility Research Centre,Chetpet",0,0,0,0,0,0,0,0,0,0,0,0,0,0,0,2021-04-22 13:18:22,,
430,Pudukkottai,"Pudhugai Star Hospital,Pudukottai",20,20,0,10,10,0,0,0,0,10,10,0,3,0,3,2021-05-12 16:40:53,7708219190.0,
431,Chennai,"Ramani Hospital,Ashok Nagar",10,10,0,7,7,0,2,2,0,1,1,0,0,0,0,2021-05-17 23:40:27,9790801234.0,
432,Chennai,Right Hospitals Pvt Ltd,24,24,0,17,17,0,3,3,0,4,4,0,2,2,0,2021-05-12 16:56:34,9500037647.0,
433,Chengalpattu,"RKP Hospital,Nanmangalam",19,0,19,15,0,15,0,0,0,4,0,4,0,0,0,2021-10-19 09:29:34,9384676004.0,19/10/2021
434,Krishnagiri,"S.B.S. Hospital, Hosur",27,24,3,27,24,3,0,0,0,0,0,0,0,0,0,2021-05-12 11:04:38,9940250125.0,
435,Namakkal,"Sakthi Hospital,Namakkal",10,10,0,8,8,0,0,0,0,2,2,0,1,0,1,2021-05-13 07:41:05,9715180099.0,Report Submitted on 13.05.2021
436,Chennai,"Senthil Priya Hospital, Kodungaiyur",12,11,1,12,11,1,0,0,0,0,0,0,0,0,0,2021-05-12 23:17:16,9360555738.0,Please Whatsapp Reports to - 8681027220
437,Chennai,"Shens Hospital, Ashok Nagar",10,10,0,10,10,0,0,0,0,0,0,0,0,0,0,2021-05-13 11:18:32,8072723627.0,13.5.2021
438,Thiruchirappalli,"Sri AuroMa Hospital,Trichy",20,17,3,6,6,0,14,11,3,0,0,0,0,0,0,2021-05-18 07:57:26,9894226648.0,Nil..
439,Chennai,"Sri Chakra Multispecialty Hospital,Nanganallur",0,0,0,0,0,0,0,0,0,0,0,0,0,0,0,2021-04-22 13:32:44,,
440,Chennai,"Sri Hospital, Tondiarpet",0,0,0,0,0,0,0,0,0,0,0,0,0,0,0,2021-04-22 13:33:20,,
441,Thanjavur,Sri Kumaran Gastro Private Ltd,24,23,1,16,15,1,5,5,0,3,3,0,2,0,2,2021-05-15 20:32:09,9786006825.0,
442,Chennai,Sri Ranga Hospital,9,9,0,5,5,0,0,0,0,4,4,0,1,1,0,2021-05-12 13:06:48,9840472623.0,12/05/2021
443,Chennai,"Susi Hospital, Thiruvottiyur",15,12,3,8,8,0,5,2,3,2,2,0,1,1,0,2021-05-12 10:48:43,8754811453.0,
444,Madurai,"Thavam Hospital, K.Pudhur",15,0,15,12,0,12,0,0,0,3,0,3,0,0,0,2021-08-12 14:56:06,6381133137.0,
445,Tiruppur,"Vel Hospital, Dharapuram",25,25,0,4,4,0,19,19,0,2,2,0,2,2,0,2021-05-12 15:57:09,8610931703.0,Nil
446,Tiruppur,"Vel Hospital,Udumalpet",20,20,0,5,5,0,12,12,0,3,3,0,2,0,2,2021-05-12 15:42:19,9751766002.0,nil
447,Madurai,Vijaya Hospital,10,10,0,7,7,0,0,0,0,3,3,0,1,1,0,2021-05-12 08:37:06,9003401778.0,12.05.2021
448,Madurai,"Vikram Multispeciality hospital, Madurai",40,40,0,16,16,0,9,9,0,15,15,0,2,0,2,2021-05-12 16:42:08,9150891207.0,NIL
449,Chennai,"Westminster HealthCare,Nungambakkam",23,19,4,12,12,0,9,5,4,2,2,0,0,0,0,2021-05-12 17:13:20,7550045100.0,Pt are doing good
450,Madurai,Ashwin Fed Specialty Hospital,10,10,0,9,9,0,1,1,0,0,0,0,0,0,0,2021-05-12 16:05:55,8300254221.0,12/05/2021 @ 04.05 PM
451,Tiruppur,"Bala Ortho Hospital, Dharapuram",59,59,0,39,39,0,15,15,0,5,5,0,3,0,3,2021-05-12 17:12:07,9843859353.0,NILL
452,Madurai,"Iswarya Fertility Services Pvt Ltd,Ellis Nagar",10,4,6,3,1,2,4,3,1,3,0,3,0,0,0,2021-05-13 06:41:26,8883306695.0,4 patients under admission
453,Chennai,"Hindu Mission Hospital,Tambaram",128,128,0,91,91,0,21,21,0,16,16,0,8,8,0,2021-05-12 17:09:35,9500065664.0,May 12th bed status is nil as of 5pm
454,Salem,"Deepam Hospital,Salem",45,45,0,20,20,0,21,21,0,4,4,0,0,0,0,2021-05-12 16:55:37,6384003000.0,
455,Tiruvallur,RIMS Hospital,52,52,0,47,47,0,0,0,0,5,5,0,5,5,0,2021-05-12 09:53:06,6383183388.0,
456,Thoothukudi,Arputham Hospital,15,15,0,12,12,0,0,0,0,3,3,0,2,0,2,2021-05-18 12:35:13,7373762266.0,1 :00 PM
457,Kanyakumari,Morris Mathiys hospital,40,40,0,6,6,0,26,26,0,8,8,0,0,0,0,2021-05-29 08:38:18,9843461901.0,.
458,Kanyakumari,Holy Cross Hospital,50,45,5,18,18,0,30,25,5,2,2,0,0,0,0,2021-06-09 16:17:56,9944844355.0,.
459,Theni,Krishnammal Memorial hospital.,35,0,35,20,0,20,10,0,10,5,0,5,0,0,0,2021-06-25 14:57:46,9786629040.0,Ok
460,Tiruppur,Sri Kumaran Hospital,50,7,43,30,1,29,10,1,9,10,5,5,2,2,0,2021-06-30 09:15:24,9842399300.0,nill
461,Theni,NRT hospital,50,28,22,20,19,1,20,2,18,10,7,3,3,0,3,2021-05-28 15:07:50,9894447717.0,Evening update
462,Coimbatore,Manu Hospital,36,36,0,30,30,0,0,0,0,6,6,0,6,6,0,2021-05-14 09:46:26,9789324445.0,
463,Chennai,"Aditya Kamaraja Hospital Pvt Ltd,Virugambakkam",15,14,1,10,10,0,3,2,1,2,2,0,0,0,0,2021-05-12 09:43:59,8015101809.0,
464,Salem,"Appu Venkatachalam Medical Research Centre (P) Ltd, Kattur",20,18,2,12,12,0,6,6,0,2,0,2,0,0,0,2021-05-12 10:23:37,9894940904.0,Nil
465,Thiruchirappalli,Assured Best Care Hospital(P) Ltd (ABC Hospital) Annamalai Nagar,40,40,0,22,22,0,14,14,0,4,4,0,0,0,0,2021-05-13 08:38:09,9655240724.0,..
466,Chengalpattu,"Christudas Orthopaedic Speciality Hospital,East Tambaram",25,25,0,9,9,0,14,14,0,2,2,0,2,2,0,2021-05-12 10:13:57,9840799398.0,
467,Thiruchirappalli,"City Medical Center, Thennur",25,0,25,10,0,10,10,0,10,5,0,5,2,2,0,2021-06-25 10:06:43,9790420251.0,alternate number : 7397271129
468,Coimbatore,"Coimbatore Child Trust Hospital,Singanallur",25,25,0,7,7,0,16,16,0,2,2,0,2,2,0,2021-05-12 09:54:22,7708682666.0,
469,Cuddalore,"Cuddalore Specialty Hospital,Manjakuppam",25,25,0,15,15,0,6,6,0,4,4,0,2,0,2,2021-05-14 22:30:39,9543447359.0,As on 14-05-2021 10:30pm all 25 beds occupied
470,Thiruchirappalli,"Decca Hospital, Thillai Nagar",22,20,2,17,17,0,3,1,2,2,2,0,2,0,2,2021-05-13 08:50:00,9842410780.0,nil
471,Thanjavur,"Dr.Vanchilingam Hospital Pvt Ltd,K.S Nagar",18,16,2,10,10,0,5,3,2,3,3,0,0,0,0,2021-05-12 15:11:58,9626425681.0,.
472,Chennai,"Ezhil Hospital, Tondiarpet",25,22,3,12,12,0,13,10,3,0,0,0,0,0,0,2021-05-12 11:56:26,9444116336.0,3 BEDS AVAILABLE 12-05-2021
473,Coimbatore,"Fathima Hospital,Podanur",15,0,15,5,0,5,10,0,10,0,0,0,0,0,0,2021-07-16 10:03:10,8098011072.0,16/07/2021
474,Thiruchirappalli,"Jagadha Hospital,Thillai Nagar",20,16,4,14,14,0,4,0,4,2,2,0,0,0,0,2021-05-13 08:51:21,9488333620.0,Nil..
475,Thiruchirappalli,"Kanapathy Memorial Hospital, Musiri",24,10,14,14,4,10,4,0,4,6,6,0,2,0,2,2021-05-13 09:10:35,9566813205.0,Nil
476,TheNilgiris,"Kotagiri Medical Fellowship Hospital,Kotagiri",16,8,8,8,3,5,6,4,2,2,1,1,1,0,1,2021-05-11 09:23:35,9585259479.0,
477,Ariyalur,"KVS Hospital Pvt Ltd,Valaja Nagaram",26,20,6,22,16,6,0,0,0,4,4,0,1,0,1,2021-05-12 16:31:46,9585288077.0,Nil
478,Salem,"Malar Hospital,Vazhapadi",38,38,0,11,11,0,22,22,0,5,5,0,1,1,0,2021-05-15 11:12:06,8270562733.0,NIL
479,Thiruchirappalli,"Max Care Hospital, Annamalai Nagar",23,5,18,10,2,8,10,2,8,3,1,2,1,0,1,2021-06-22 13:44:19,9600073580.0,Nil.
480,Chennai,"Metro Male Clinic a unit of Gunasekaran Hospitals Pvt Ltd,Porur",22,22,0,18,18,0,0,0,0,4,4,0,2,2,0,2021-05-12 09:31:58,8056912666.0,12.05.2021 Morning report
481,Chennai,"Mount Specialty Hospital Pvt Ltd,Adambakkam",0,0,0,0,0,0,0,0,0,0,0,0,0,0,0,2021-04-27 16:20:33,,
482,Chennai,"New Ruthran Hospital,Aynavaram",15,15,0,10,10,0,5,5,0,0,0,0,0,0,0,2021-05-11 11:01:20,7305309829.0,11-05-2021
483,Perambalur,"Sanjjeev Hospital,Venkatesapuram",10,0,10,0,0,0,10,0,10,0,0,0,0,0,0,2021-05-12 13:14:36,9600763858.0,12.05.21
484,Thoothukudi,"Sasi Hospital, Kovilpatti",25,0,25,21,0,21,0,0,0,4,0,4,0,0,0,2021-08-11 10:55:02,6382253140.0,10
485,Salem,"Shri Hospitals, Shankar Nagar",55,54,1,40,40,0,5,4,1,10,10,0,2,0,2,2021-05-12 10:20:57,9842769906.0,Nil
486,Chengalpattu,Shri Isari Velan Mission Hospital,25,15,10,6,6,0,16,7,9,3,2,1,3,2,1,2021-05-12 14:54:24,9342101571.0,09/05/21
487,Thiruchirappalli,"Silverline Speciality Hospital, Thillai Nagar",25,0,25,12,0,12,10,0,10,3,0,3,3,0,3,2021-06-30 09:56:54,9384875957.0,
488,Thiruchirappalli,"SMS Hospital,Salai Road",41,35,6,21,19,2,14,12,2,6,4,2,3,3,0,2021-05-13 08:34:34,9750958305.0,"Dr.N. Duraisamy MD.,DM., 9842465414 (Chairman)......"
489,Ariyalur,"SR Hospital,Ariyalur",14,11,3,0,0,0,9,7,2,5,4,1,1,0,1,2021-05-12 10:07:02,9361362038.0,Nil
490,Thiruchirappalli,Sri Kumaran Hospital Manapparai,30,25,5,10,10,0,14,9,5,6,6,0,2,0,2,2021-05-13 12:44:33,9003772250.0,Nil
491,Karur,"Sri Rathina Hospital,Muthu Nagar",16,16,0,4,4,0,12,12,0,0,0,0,0,0,0,2021-05-13 08:53:40,9047077345.0,13.05.2021.
492,Salem,"Sundaram Multispecialty Hospital,Salem",15,15,0,12,12,0,0,0,0,3,3,0,3,0,3,2021-05-12 17:38:31,8807661168.0,Nil
493,Coimbatore,"V.G Hospital,Thudiyalur",20,20,0,6,6,0,12,12,0,2,2,0,0,0,0,2021-05-12 08:44:54,9894288514.0,12.05.2021
494,TheNilgiris,"Shiva Shakthi Hospital,Udagamandalam",20,1,19,4,1,3,16,0,16,0,0,0,0,0,0,2021-11-24 15:57:40,9486253427.0,
495,Chennai,"Be Well Hospitals, Ambattur",8,4,4,5,1,4,0,0,0,3,3,0,0,0,0,2021-06-02 11:07:47,8939967034.0,
496,Virudhunagar,"Chennai Hospital, Rajapalayam",7,7,0,4,4,0,2,2,0,1,1,0,1,1,0,2021-05-12 15:09:14,9940038663.0,
497,Virudhunagar,MSB Hospital,12,8,4,7,6,1,2,0,2,3,2,1,1,0,1,2021-05-12 15:59:09,9842717831.0,
498,Chennai,"New Life Hospital,Rajakilpakkam",10,9,1,10,9,1,0,0,0,0,0,0,3,1,2,2021-05-07 13:06:08,6385816255.0,
499,Tiruppur,"Sakthi Nursing Home,Tiruppur",45,45,0,27,27,0,15,15,0,3,3,0,0,0,0,2021-05-12 15:56:21,9597413083.0,Nil
500,Virudhunagar,"Sri Ram Hospital - Sugasthala,Aruppukottai",15,1,14,5,0,5,8,1,7,2,0,2,1,0,1,2021-05-14 08:21:08,9443961888.0,NIL
501,Chennai,"Kasthuri Hospital,West Tambaram",0,0,0,0,0,0,0,0,0,0,0,0,0,0,0,2021-04-30 16:21:06,,
502,Tiruppur,OMS Hospital Tiruppur,63,63,0,10,10,0,45,45,0,8,8,0,2,2,0,2021-05-12 09:25:37,8586894306.0,Contact Dr.V.Aruljothi for admission
503,Tiruppur,Malarpriya Hospital,25,22,3,8,7,1,12,10,2,5,5,0,3,2,1,2021-05-11 16:49:14,9626264800.0,Nil.
504,Erode,"Veena hospital, nasiyanur",55,55,0,34,34,0,15,15,0,6,6,0,2,0,2,2021-05-12 16:06:56,9952493428.0,nil
505,Erode,"Abirami Kidney Care Dr.Thangavelu Hospital, Brough Road",50,50,0,0,0,0,43,43,0,7,7,0,3,3,0,2021-05-12 15:52:41,9500794485.0,12.05.2021.
506,Thiruchirappalli,"Aiyshwariya Hospital, Woraiyur",12,12,0,4,4,0,2,2,0,6,6,0,1,0,1,2021-05-21 10:13:31,9791498865.0,.
507,Chennai,"Anand Hospital,Manali",14,2,12,6,2,4,4,0,4,4,0,4,0,0,0,2021-06-09 12:39:01,9094006311.0,
508,Chennai,"Anbu Hospital, Velachery",18,18,0,7,7,0,8,8,0,3,3,0,0,0,0,2021-05-12 09:47:59,9941356395.0,
509,Chennai,"ARK Hospital, Velachery",17,15,2,3,2,1,14,13,1,0,0,0,0,0,0,2021-05-12 12:30:52,8056095393.0,
510,Chennai,"Arokya Hospital, West K.K Nagar",21,21,0,14,14,0,0,0,0,7,7,0,1,1,0,2021-05-05 09:21:53,9791198781.0,
511,Tiruvannamalai,"Arunai Hospital,Thenmathur",0,0,0,0,0,0,0,0,0,0,0,0,0,0,0,2021-05-01 19:51:58,,
512,Chennai,"AVS Cardiac Centre,Triplicane",15,13,2,5,5,0,4,2,2,6,6,0,1,1,0,2021-06-30 09:23:22,9965530302.0,30.06.2021
513,Chennai,"B.M Hospital,Nanganallur",0,0,0,0,0,0,0,0,0,0,0,0,0,0,0,2021-05-01 19:53:14,,
514,Erode,"Bewell Hospitals, Gandhiji Road",25,25,0,13,13,0,10,10,0,2,2,0,1,0,1,2021-05-12 16:04:47,9445882236.0,Nil
515,Erode,"C.K.Hospital, Balasubbrayalu Street",30,30,0,10,10,0,20,20,0,0,0,0,0,0,0,2021-05-12 16:03:35,9994500470.0,Nil
516,Chennai,"Care and Cure Speciality Hospital,Ayanavaram",0,0,0,0,0,0,0,0,0,0,0,0,0,0,0,2021-05-01 19:55:52,,
517,Tiruvallur,"Chennai Health Foundation, Ambatur",32,30,2,26,26,0,4,2,2,2,2,0,0,0,0,2021-05-22 06:29:16,9094762761.0,22/05/2021
518,Chennai,"Chennai National Hospital,Ernavoor",15,7,8,13,5,8,0,0,0,2,2,0,2,2,0,2021-05-12 07:36:15,9840874528.0,12.05.2021
519,Erode,"CSI Hospital, Brough Road",50,40,10,15,10,5,30,25,5,5,5,0,0,0,0,2021-05-12 16:01:48,9095294663.0,nil
520,Karur,"Deepa Kannan Hospital, Muthu Nagar",20,20,0,7,7,0,12,12,0,1,1,0,1,0,1,2021-05-19 08:39:41,9047785417.0,19.05.2021 at 08.40am
521,Chennai,"Dr.Shahs Clinic,T.Nagar",0,0,0,0,0,0,0,0,0,0,0,0,0,0,0,2021-05-01 20:05:47,,
522,Chennai,"DRJ Hospitals(P) Ltd,Kolathur",0,0,0,0,0,0,0,0,0,0,0,0,0,0,0,2021-05-01 20:07:27,,
523,Erode,"Erode Emergency Care Hospital, Veerappampalayam",45,42,3,30,30,0,15,12,3,0,0,0,0,0,0,2021-05-12 15:48:15,9842730574.0,nil
524,Chennai,"Eswar Medical Foundation, Kolathur",11,11,0,7,7,0,2,2,0,2,2,0,2,2,0,2021-05-12 17:00:13,9843182112.0,"12.05.2021 ., 5 PM"
525,Tirunelveli,"Gold Child & Chest Hospital,Vannarpettai",13,3,10,13,3,10,0,0,0,0,0,0,0,0,0,2021-06-17 07:26:07,9488071754.0,10 beds vacant 17.06.2021
526,Chennai,"K.C.Hospital, Avadi",20,20,0,16,16,0,0,0,0,4,4,0,2,2,0,2021-05-11 16:46:48,9940501315.0,"S.MURUGAN, MANAGER & HR, K.C.HOSPITAL, 9444482755, 9791053055."
527,Salem,K.M Natraj's Nursing Home,20,18,2,10,10,0,5,3,2,5,5,0,2,2,0,2021-05-12 09:38:36,9994660314.0,NIL
528,Cuddalore,"Kalyaan Speciality Hospital, Alpet",22,21,1,8,8,0,14,13,1,0,0,0,0,0,0,2021-05-14 09:10:57,9025720095.0,As on 14.05.2021
529,Erode,"Kalyani Kidney Care Centre, Sampath Nagar Main Road",100,77,23,47,47,0,45,22,23,8,8,0,2,0,2,2021-05-12 16:08:39,9585285053.0,nil
530,Madurai,"Karunai Multispecialty Hospital, B.B Kulam",27,25,2,12,11,1,10,9,1,5,5,0,1,0,1,2021-05-12 08:28:08,7806883692.0,12-05-2021 - Updated
531,Thiruchirappalli,"Kathir Hospital, Woraiyur",18,18,0,11,11,0,4,4,0,3,3,0,3,1,2,2021-05-13 09:11:52,9865355503.0,Nil
532,Chennai,"Khm Hospial, Anna Nagar",0,0,0,0,0,0,0,0,0,0,0,0,0,0,0,2021-05-01 20:15:47,,
533,Kancheepuram,"KPP Multispeciality Hospital, Sholinganallur",20,16,4,17,16,1,3,0,3,0,0,0,0,0,0,2021-05-12 17:12:05,9342154699.0,12/05/2021
534,Chennai,KVT Health Centre,20,1,19,16,0,16,0,0,0,4,1,3,2,2,0,2021-06-19 11:20:35,8807555777.0,
535,Krishnagiri,"Lakshmi Hospital,Hosur",0,0,0,0,0,0,0,0,0,0,0,0,0,0,0,2021-05-01 20:18:19,,
536,Chennai,M/s Dr.V.BalajiDr.V.Seshiah Diabetes care and R Institute,18,18,0,10,10,0,4,4,0,4,4,0,2,2,0,2021-05-08 12:23:56,9962913444.0,nil
537,Chennai,"M/s K.M. Hospital, Vyarsarpadi",16,0,16,13,0,13,0,0,0,3,0,3,0,0,0,2021-06-13 10:35:33,7604844496.0,
538,Thanjavur,"Medway Hospital, Kumbakonam",25,20,5,10,10,0,14,10,4,1,0,1,2,0,2,2021-05-12 15:25:45,9790793659.0,May 12
539,Tiruvallur,"MMRV Hospital, Azhinjivakkam",10,10,0,5,5,0,5,5,0,0,0,0,0,0,0,2021-05-12 08:26:27,9042610290.0,12/05/2021
540,Chennai,"MMRV Hospital, Mogappair West",0,0,0,0,0,0,0,0,0,0,0,0,0,0,0,2021-05-01 20:23:00,,
541,Tirunelveli,"Muthu Hospital, Kulavanigarpuram",21,21,0,16,16,0,0,0,0,5,5,0,2,2,0,2021-05-15 08:12:21,9344096079.0,Updated.
542,Erode,"Nandha Medical College and Hospital, Pitchandampalayam",30,28,2,10,10,0,14,12,2,6,6,0,0,0,0,2021-05-12 15:50:40,7373712227.0,Nil
543,Karur,"Nathan Hospital, Anna Arch",14,14,0,10,10,0,0,0,0,4,4,0,0,0,0,2021-05-12 16:29:36,8110981000.0,12.05.2021 at 04.29pm
544,Chennai,"NRG Speciality Hospitals, Ramapuram",0,0,0,0,0,0,0,0,0,0,0,0,0,0,0,2021-05-01 20:29:55,,
545,Erode,"Ortho Life Hospital, Anusha Hospital Complex",20,20,0,10,10,0,6,6,0,4,4,0,3,0,3,2021-05-12 15:41:07,7402614057.0,nil
546,Kancheepuram,"PCMC Hospital, Pallavaram",0,0,0,0,0,0,0,0,0,0,0,0,0,0,0,2021-05-01 20:31:28,,
547,Chennai,"Pradeep Nursing Home, Puzuthivakkam",10,10,0,6,6,0,0,0,0,4,4,0,1,1,0,2021-05-11 09:35:08,8939225252.0,
548,Erode,"Senthil Multi Speciality Hospital, Perundurai Road",90,82,8,35,35,0,52,44,8,3,3,0,2,2,0,2021-05-12 15:56:11,9043165444.0,nil
549,Chennai,"SenthilPriya Hospital,Teynampet",0,0,0,0,0,0,0,0,0,0,0,0,0,0,0,2021-05-01 20:33:56,,
550,Krishnagiri,"Shree Arunachala Hospital,Krishnagiri",0,0,0,0,0,0,0,0,0,0,0,0,0,0,0,2021-05-01 20:34:37,,
551,Chennai,"Sri Pooja Maternity Clinic, Kodungaiyur",5,4,1,4,4,0,1,0,1,0,0,0,0,0,0,2021-05-12 07:57:03,8778979336.0,
552,Tiruvallur,"Sri Sundharsanam Hospital, Avadi",19,19,0,15,15,0,0,0,0,4,4,0,1,1,0,2021-05-13 09:30:07,8754265555.0,No Vacant(13/05/2021).
553,Chennai,"Srushti Hospital, Ramapuram",0,0,0,0,0,0,0,0,0,0,0,0,0,0,0,2021-05-01 20:37:43,,
554,Krishnagiri,"St.Peterâ€™s Medical College Hospital & Research Institute, Hosur",0,0,0,0,0,0,0,0,0,0,0,0,0,0,0,2021-05-01 20:38:43,,
555,Thiruchirappalli,"Sugam Hospital, Manapparai",23,23,0,14,14,0,5,5,0,4,4,0,1,0,1,2021-05-13 15:23:01,9965015543.0,Last update on 13.05.2021 at 04.00pm.
556,Chennai,"Sugan Hospital, Neelangarai",20,20,0,15,15,0,3,3,0,2,2,0,0,0,0,2021-05-13 07:05:48,8838925613.0,
557,Krishnagiri,"Surya Multispeciality Hospital, Hosur",0,0,0,0,0,0,0,0,0,0,0,0,0,0,0,2021-05-01 20:41:11,,
558,Chennai,"Swaram Medicare &Research Centre Pvt Ltd, Sholinganallur",20,20,0,19,19,0,0,0,0,1,1,0,0,0,0,2021-05-09 15:06:08,9094567894.0,Please call before coming. Admission only after examination and Availability of suitable beds.
559,Chennai,"Trustlife Medical Centre, Panaiyur",20,16,4,6,6,0,12,8,4,2,2,0,0,0,0,2021-05-14 13:36:05,7200017173.0,08.05.2021
560,Namakkal,"Varun Hospital, Rasipuram",0,0,0,0,0,0,0,0,0,0,0,0,0,0,0,2021-05-01 20:43:42,,
561,Chennai,"Vasantha Hospital, Thiruvottiyur",10,9,1,5,5,0,3,2,1,2,2,0,0,0,0,2021-05-10 14:56:32,9150009431.0,10.05.2021
562,Kanyakumari,"Vijayakumar Hospital,Swamiyarmadam",22,22,0,12,12,0,5,5,0,5,5,0,3,0,3,2021-05-12 15:18:38,9442928648.0,.
563,Kanyakumari,"William Hospital,Nagercoil",10,0,10,8,0,8,0,0,0,2,0,2,1,0,1,2021-11-13 10:04:15,9597221977.0,0
564,Chennai,"Singhvi Health Center, Mint Street",15,15,0,10,10,0,5,5,0,0,0,0,0,0,0,2021-05-14 15:27:57,9962618755.0,14.05.2021
565,Madurai,"Hannah Joseph Hospital Pvt Ltd, Chinthamani",75,68,7,23,23,0,35,28,7,17,17,0,10,10,0,2021-05-13 16:37:06,9385353352.0,Updated..
566,Chennai,"M/s Apollo Hospitals, Tondiarpet",0,0,0,0,0,0,0,0,0,0,0,0,0,0,0,2021-05-03 14:05:27,,
567,Chennai,"Anjakha Hospital, Madipakkam",0,0,0,0,0,0,0,0,0,0,0,0,0,0,0,2021-05-03 14:08:45,,
